ISO-10303-21;
HEADER;
FILE_DESCRIPTION (( 'STEP AP203' ),
    '1' );
FILE_NAME ('buck_converter.STEP',
    '2026-09-01T21:44:48',
    ( '' ),
    ( '' ),
    'SwSTEP 2.0',
    'SolidWorks 2019',
    '' );
FILE_SCHEMA (( 'CONFIG_CONTROL_DESIGN' ));
ENDSEC;

DATA;
#1 = ORIENTED_EDGE ( 'NONE', *, *, #631, .F. ) ;
#2 = DIRECTION ( 'NONE',  ( -1.000000000000000000, -0.000000000000000000, -0.000000000000000000 ) ) ;
#3 = ORIENTED_EDGE ( 'NONE', *, *, #1382, .F. ) ;
#4 = FACE_OUTER_BOUND ( 'NONE', #611, .T. ) ;
#5 = VERTEX_POINT ( 'NONE', #1201 ) ;
#6 = CARTESIAN_POINT ( 'NONE',  ( -6.099999999999999645, -2.600000000000000089, 2.529999999999999805 ) ) ;
#7 = CLOSED_SHELL ( 'NONE', ( #765, #411, #706, #1190, #954, #1289, #1072, #681, #586, #913, #443, #922, #312, #275, #696, #1256, #747, #809, #726, #1495, #1280, #717, #418, #1346, #119, #336, #996, #1127, #1409, #1221, #9, #1202, #840, #1181, #738, #389, #1117, #1375, #92, #181, #933, #852, #17, #1065, #817, #357, #434, #1223, #579, #188 ) ) ;
#8 = LINE ( 'NONE', #484, #1506 ) ;
#9 = ADVANCED_FACE ( 'NONE', ( #42 ), #33, .F. ) ;
#10 = CARTESIAN_POINT ( 'NONE',  ( -8.849999999999997868, -2.600000000000000089, -5.280000000000001137 ) ) ;
#11 = LINE ( 'NONE', #610, #292 ) ;
#12 = ORIENTED_EDGE ( 'NONE', *, *, #1439, .T. ) ;
#13 = PLANE ( 'NONE',  #215 ) ;
#14 = CARTESIAN_POINT ( 'NONE',  ( -7.945000000000000284, -8.300000000000000711, 4.134999999999999787 ) ) ;
#15 = CARTESIAN_POINT ( 'NONE',  ( 7.944999999999998508, -8.300000000000000711, 4.134999999999999787 ) ) ;
#16 = PLANE ( 'NONE',  #523 ) ;
#17 = ADVANCED_FACE ( 'NONE', ( #390 ), #635, .F. ) ;
#18 = CARTESIAN_POINT ( 'NONE',  ( 7.294999999999999041, -8.300000000000000711, -3.485000000000000320 ) ) ;
#19 = VECTOR ( 'NONE', #505, 1000.000000000000000 ) ;
#20 = VERTEX_POINT ( 'NONE', #1226 ) ;
#21 = PLANE ( 'NONE',  #1009 ) ;
#22 = VECTOR ( 'NONE', #69, 1000.000000000000000 ) ;
#23 = ORIENTED_EDGE ( 'NONE', *, *, #110, .F. ) ;
#24 = DIRECTION ( 'NONE',  ( -1.000000000000000000, 0.000000000000000000, -0.000000000000000000 ) ) ;
#25 = FACE_OUTER_BOUND ( 'NONE', #343, .T. ) ;
#26 = DIRECTION ( 'NONE',  ( -0.000000000000000000, 1.000000000000000000, -0.000000000000000000 ) ) ;
#27 = EDGE_CURVE ( 'NONE', #489, #1317, #149, .T. ) ;
#28 = ORIENTED_EDGE ( 'NONE', *, *, #672, .T. ) ;
#29 = DIRECTION ( 'NONE',  ( -0.000000000000000000, 0.000000000000000000, 1.000000000000000000 ) ) ;
#30 = EDGE_CURVE ( 'NONE', #334, #1102, #156, .T. ) ;
#31 = VERTEX_POINT ( 'NONE', #977 ) ;
#32 = DIRECTION ( 'NONE',  ( -1.000000000000000000, 0.000000000000000000, 0.000000000000000000 ) ) ;
#33 = PLANE ( 'NONE',  #131 ) ;
#34 = VECTOR ( 'NONE', #1040, 1000.000000000000000 ) ;
#35 = CALENDAR_DATE ( 2026, 1, 9 ) ;
#36 = CARTESIAN_POINT ( 'NONE',  ( 7.295000000000000817, -8.300000000000000711, -4.135000000000000675 ) ) ;
#37 = ORIENTED_EDGE ( 'NONE', *, *, #518, .F. ) ;
#38 = FACE_OUTER_BOUND ( 'NONE', #111, .T. ) ;
#39 = EDGE_CURVE ( 'NONE', #127, #171, #140, .T. ) ;
#40 = ORIENTED_EDGE ( 'NONE', *, *, #1153, .T. ) ;
#41 = CARTESIAN_POINT ( 'NONE',  ( -7.945000000000000284, -2.600000000000000089, 3.485000000000000320 ) ) ;
#42 = FACE_OUTER_BOUND ( 'NONE', #1086, .T. ) ;
#43 = LINE ( 'NONE', #1092, #734 ) ;
#44 = ORIENTED_EDGE ( 'NONE', *, *, #963, .T. ) ;
#45 = AXIS2_PLACEMENT_3D ( 'NONE', #86, #563, #1364 ) ;
#46 = LOCAL_TIME ( 17, 44, 48.00000000000000000, #1083 ) ;
#47 = ORIENTED_EDGE ( 'NONE', *, *, #830, .F. ) ;
#48 = LINE ( 'NONE', #164, #217 ) ;
#49 = APPROVAL ( #627, 'UNSPECIFIED' ) ;
#50 = CARTESIAN_POINT ( 'NONE',  ( 0.000000000000000000, -8.300000000000000711, 0.000000000000000000 ) ) ;
#51 = APPROVAL_DATE_TIME ( #520, #49 ) ;
#52 = CARTESIAN_POINT ( 'NONE',  ( 7.945000000000000284, -8.300000000000000711, -3.485000000000000320 ) ) ;
#53 = VERTEX_POINT ( 'NONE', #1443 ) ;
#54 = ORIENTED_EDGE ( 'NONE', *, *, #673, .F. ) ;
#55 = CARTESIAN_POINT ( 'NONE',  ( -8.800000000000002487, 1.600000000000000089, 6.150000000000000355 ) ) ;
#56 = CARTESIAN_POINT ( 'NONE',  ( -7.294999999999999041, -8.300000000000000711, -4.134999999999999787 ) ) ;
#57 =( LENGTH_UNIT ( ) NAMED_UNIT ( * ) SI_UNIT ( .MILLI., .METRE. ) );
#58 = EDGE_CURVE ( 'NONE', #5, #1412, #1433, .T. ) ;
#59 = CARTESIAN_POINT ( 'NONE',  ( 8.849999999999999645, 0.000000000000000000, 2.530000000000003357 ) ) ;
#60 = VECTOR ( 'NONE', #568, 1000.000000000000000 ) ;
#61 = EDGE_LOOP ( 'NONE', ( #873, #247, #1119, #1359 ) ) ;
#62 = ORIENTED_EDGE ( 'NONE', *, *, #828, .T. ) ;
#63 = CARTESIAN_POINT ( 'NONE',  ( -8.849999999999997868, 0.000000000000000000, -5.280000000000001137 ) ) ;
#64 = DIRECTION ( 'NONE',  ( -0.000000000000000000, 1.000000000000000000, -0.000000000000000000 ) ) ;
#65 = SECURITY_CLASSIFICATION_LEVEL ( 'unclassified' ) ;
#66 = LINE ( 'NONE', #1469, #463 ) ;
#67 = EDGE_CURVE ( 'NONE', #160, #1274, #641, .T. ) ;
#68 = VERTEX_POINT ( 'NONE', #373 ) ;
#69 = DIRECTION ( 'NONE',  ( 1.000000000000000000, 0.000000000000000000, 0.000000000000000000 ) ) ;
#70 = VECTOR ( 'NONE', #469, 1000.000000000000000 ) ;
#71 = VECTOR ( 'NONE', #1468, 1000.000000000000000 ) ;
#72 = DIRECTION ( 'NONE',  ( 1.000000000000000000, 0.000000000000000000, 0.000000000000000000 ) ) ;
#73 = CARTESIAN_POINT ( 'NONE',  ( 0.000000000000000000, -2.600000000000000089, 0.000000000000000000 ) ) ;
#74 = EDGE_LOOP ( 'NONE', ( #1465, #1353, #1354, #341 ) ) ;
#75 = APPROVAL ( #289, 'UNSPECIFIED' ) ;
#76 = EDGE_CURVE ( 'NONE', #704, #1503, #1416, .T. ) ;
#77 = CARTESIAN_POINT ( 'NONE',  ( 7.945000000000000284, -8.300000000000000711, -3.485000000000000320 ) ) ;
#78 = CARTESIAN_POINT ( 'NONE',  ( 0.000000000000000000, -8.300000000000000711, 0.000000000000000000 ) ) ;
#79 = DATE_AND_TIME ( #588, #543 ) ;
#80 = CARTESIAN_POINT ( 'NONE',  ( 7.295000000000000817, -2.600000000000000089, -4.135000000000000675 ) ) ;
#81 = ORIENTED_EDGE ( 'NONE', *, *, #245, .F. ) ;
#82 = VECTOR ( 'NONE', #903, 1000.000000000000000 ) ;
#83 = DIRECTION ( 'NONE',  ( -0.000000000000000000, 0.000000000000000000, -1.000000000000000000 ) ) ;
#84 = EDGE_CURVE ( 'NONE', #1437, #607, #8, .T. ) ;
#85 = CARTESIAN_POINT ( 'NONE',  ( -8.800000000000002487, 0.000000000000000000, 2.530000000000000249 ) ) ;
#86 = CARTESIAN_POINT ( 'NONE',  ( 8.800000000000000711, 1.600000000000000089, -6.150000000000000355 ) ) ;
#87 = CC_DESIGN_APPROVAL ( #49, ( #1394 ) ) ;
#88 = VERTEX_POINT ( 'NONE', #15 ) ;
#89 = ORIENTED_EDGE ( 'NONE', *, *, #529, .T. ) ;
#90 = FACE_OUTER_BOUND ( 'NONE', #1059, .T. ) ;
#91 = LINE ( 'NONE', #561, #34 ) ;
#92 = ADVANCED_FACE ( 'NONE', ( #25 ), #719, .F. ) ;
#93 = VECTOR ( 'NONE', #234, 1000.000000000000000 ) ;
#94 = PLANE ( 'NONE',  #567 ) ;
#95 = ORIENTED_EDGE ( 'NONE', *, *, #462, .F. ) ;
#96 = ORIENTED_EDGE ( 'NONE', *, *, #793, .T. ) ;
#97 = FACE_BOUND ( 'NONE', #1230, .T. ) ;
#98 = VECTOR ( 'NONE', #815, 1000.000000000000000 ) ;
#99 = DIRECTION ( 'NONE',  ( 1.410344289412038226E-16, -0.000000000000000000, -1.000000000000000000 ) ) ;
#100 = LINE ( 'NONE', #216, #665 ) ;
#101 = EDGE_CURVE ( 'NONE', #264, #652, #491, .T. ) ;
#102 = ORIENTED_EDGE ( 'NONE', *, *, #76, .T. ) ;
#103 = DIRECTION ( 'NONE',  ( 1.000000000000000000, 0.000000000000000000, -0.000000000000000000 ) ) ;
#104 = VECTOR ( 'NONE', #1082, 1000.000000000000000 ) ;
#105 = ORIENTED_EDGE ( 'NONE', *, *, #459, .F. ) ;
#106 = LINE ( 'NONE', #465, #1166 ) ;
#107 = CARTESIAN_POINT ( 'NONE',  ( 6.099999999999998757, 0.000000000000000000, -5.280000000000001137 ) ) ;
#108 = VERTEX_POINT ( 'NONE', #382 ) ;
#109 = LINE ( 'NONE', #620, #807 ) ;
#110 = EDGE_CURVE ( 'NONE', #1520, #1292, #407, .T. ) ;
#111 = EDGE_LOOP ( 'NONE', ( #732, #1090, #1440, #571 ) ) ;
#112 = PLANE ( 'NONE',  #1098 ) ;
#113 = EDGE_LOOP ( 'NONE', ( #1464, #147, #1148, #425 ) ) ;
#114 = CARTESIAN_POINT ( 'NONE',  ( 7.294999999999999041, -8.300000000000000711, 3.484999999999999432 ) ) ;
#115 = AXIS2_PLACEMENT_3D ( 'NONE', #326, #209, #197 ) ;
#116 = DIRECTION ( 'NONE',  ( -1.000000000000000000, 0.000000000000000000, -0.000000000000000000 ) ) ;
#117 = EDGE_LOOP ( 'NONE', ( #992, #930, #822, #526, #89 ) ) ;
#118 = DIRECTION ( 'NONE',  ( -0.000000000000000000, 1.000000000000000000, -0.000000000000000000 ) ) ;
#119 = ADVANCED_FACE ( 'NONE', ( #1139 ), #187, .F. ) ;
#120 = ORIENTED_EDGE ( 'NONE', *, *, #1125, .T. ) ;
#121 = LINE ( 'NONE', #708, #1155 ) ;
#122 = EDGE_CURVE ( 'NONE', #583, #1018, #1233, .T. ) ;
#123 = ORIENTED_EDGE ( 'NONE', *, *, #608, .T. ) ;
#124 = FACE_OUTER_BOUND ( 'NONE', #177, .T. ) ;
#125 = DIRECTION ( 'NONE',  ( 1.000000000000000000, 0.000000000000000000, 0.000000000000000000 ) ) ;
#126 = CARTESIAN_POINT ( 'NONE',  ( 8.800000000000000711, 0.000000000000000000, -5.280000000000001137 ) ) ;
#127 = VERTEX_POINT ( 'NONE', #1016 ) ;
#128 = DIRECTION ( 'NONE',  ( -0.000000000000000000, 0.000000000000000000, 1.000000000000000000 ) ) ;
#129 = CARTESIAN_POINT ( 'NONE',  ( -8.849999999999997868, -2.600000000000000089, -5.280000000000001137 ) ) ;
#130 = EDGE_CURVE ( 'NONE', #1173, #1307, #415, .T. ) ;
#131 = AXIS2_PLACEMENT_3D ( 'NONE', #843, #500, #727 ) ;
#132 = DIRECTION ( 'NONE',  ( -1.000000000000000000, 0.000000000000000000, -1.334402673828314029E-15 ) ) ;
#133 = CARTESIAN_POINT ( 'NONE',  ( -7.945000000000000284, -8.300000000000000711, 3.485000000000000320 ) ) ;
#134 = LINE ( 'NONE', #351, #1133 ) ;
#135 = EDGE_LOOP ( 'NONE', ( #532, #1238, #964, #771 ) ) ;
#136 = FACE_OUTER_BOUND ( 'NONE', #496, .T. ) ;
#137 = ORIENTED_EDGE ( 'NONE', *, *, #1511, .T. ) ;
#138 = LINE ( 'NONE', #1080, #205 ) ;
#139 = EDGE_CURVE ( 'NONE', #108, #88, #1252, .T. ) ;
#140 = LINE ( 'NONE', #615, #749 ) ;
#141 = APPLICATION_PROTOCOL_DEFINITION ( 'international standard', 'config_control_design', 1994, #1168 ) ;
#142 = VECTOR ( 'NONE', #769, 1000.000000000000000 ) ;
#143 = CARTESIAN_POINT ( 'NONE',  ( -8.800000000000002487, 1.600000000000000089, 6.150000000000000355 ) ) ;
#144 = VECTOR ( 'NONE', #1068, 1000.000000000000000 ) ;
#145 = VERTEX_POINT ( 'NONE', #544 ) ;
#146 = PLANE ( 'NONE',  #1515 ) ;
#147 = ORIENTED_EDGE ( 'NONE', *, *, #562, .F. ) ;
#148 = DIRECTION ( 'NONE',  ( 1.000000000000000000, 0.000000000000000000, -0.000000000000000000 ) ) ;
#149 = LINE ( 'NONE', #752, #999 ) ;
#150 = FACE_BOUND ( 'NONE', #1499, .T. ) ;
#151 = EDGE_CURVE ( 'NONE', #1005, #928, #311, .T. ) ;
#152 = ORIENTED_EDGE ( 'NONE', *, *, #30, .T. ) ;
#153 = DIRECTION ( 'NONE',  ( -2.668805347656628059E-15, -0.000000000000000000, 1.000000000000000000 ) ) ;
#154 = ORIENTED_EDGE ( 'NONE', *, *, #1240, .T. ) ;
#155 = PLANE ( 'NONE',  #1338 ) ;
#156 = LINE ( 'NONE', #519, #1287 ) ;
#157 = AXIS2_PLACEMENT_3D ( 'NONE', #1277, #688, #1034 ) ;
#158 = COORDINATED_UNIVERSAL_TIME_OFFSET ( 5, 0, .BEHIND. ) ;
#159 = DIRECTION ( 'NONE',  ( 0.000000000000000000, 0.000000000000000000, -1.000000000000000000 ) ) ;
#160 = VERTEX_POINT ( 'NONE', #767 ) ;
#161 = VECTOR ( 'NONE', #398, 1000.000000000000000 ) ;
#162 = EDGE_CURVE ( 'NONE', #88, #145, #195, .T. ) ;
#163 = ORIENTED_EDGE ( 'NONE', *, *, #1371, .T. ) ;
#164 = CARTESIAN_POINT ( 'NONE',  ( 8.849999999999996092, 0.000000000000000000, 5.280000000000002913 ) ) ;
#165 = CARTESIAN_POINT ( 'NONE',  ( 8.849999999999999645, 0.000000000000000000, 2.530000000000003357 ) ) ;
#166 = DATE_TIME_ROLE ( 'creation_date' ) ;
#167 = FACE_OUTER_BOUND ( 'NONE', #1121, .T. ) ;
#168 = ORIENTED_EDGE ( 'NONE', *, *, #235, .F. ) ;
#169 = VECTOR ( 'NONE', #1413, 1000.000000000000000 ) ;
#170 = VECTOR ( 'NONE', #179, 1000.000000000000000 ) ;
#171 = VERTEX_POINT ( 'NONE', #56 ) ;
#172 = DIRECTION ( 'NONE',  ( -0.000000000000000000, 1.000000000000000000, -0.000000000000000000 ) ) ;
#173 = EDGE_CURVE ( 'NONE', #516, #598, #1241, .T. ) ;
#174 = DIRECTION ( 'NONE',  ( -1.261617073437678245E-15, -0.000000000000000000, 1.000000000000000000 ) ) ;
#175 = CARTESIAN_POINT ( 'NONE',  ( 6.099999999999998757, 0.000000000000000000, -2.530000000000001581 ) ) ;
#176 = DIRECTION ( 'NONE',  ( 0.000000000000000000, 0.000000000000000000, -1.000000000000000000 ) ) ;
#177 = EDGE_LOOP ( 'NONE', ( #778, #748, #744, #1257 ) ) ;
#178 = ORIENTED_EDGE ( 'NONE', *, *, #452, .F. ) ;
#179 = DIRECTION ( 'NONE',  ( 1.000000000000000000, 0.000000000000000000, 0.000000000000000000 ) ) ;
#180 = LINE ( 'NONE', #893, #973 ) ;
#181 = ADVANCED_FACE ( 'NONE', ( #1459 ), #758, .T. ) ;
#182 = CARTESIAN_POINT ( 'NONE',  ( 7.295000000000000817, -8.300000000000000711, -4.135000000000000675 ) ) ;
#183 = AXIS2_PLACEMENT_3D ( 'NONE', #50, #669, #1342 ) ;
#184 = ORIENTED_EDGE ( 'NONE', *, *, #664, .T. ) ;
#185 = EDGE_LOOP ( 'NONE', ( #1333, #1215, #405, #260 ) ) ;
#186 = DIRECTION ( 'NONE',  ( -0.000000000000000000, -0.000000000000000000, 1.000000000000000000 ) ) ;
#187 = PLANE ( 'NONE',  #557 ) ;
#188 = ADVANCED_FACE ( 'NONE', ( #789 ), #1247, .T. ) ;
#189 = CARTESIAN_POINT ( 'NONE',  ( 8.849999999999996092, 0.000000000000000000, 5.280000000000002913 ) ) ;
#190 = EDGE_CURVE ( 'NONE', #516, #629, #1259, .T. ) ;
#191 = EDGE_LOOP ( 'NONE', ( #730, #633, #853, #1470, #1184 ) ) ;
#192 = FACE_OUTER_BOUND ( 'NONE', #951, .T. ) ;
#193 = VECTOR ( 'NONE', #612, 1000.000000000000000 ) ;
#194 = AXIS2_PLACEMENT_3D ( 'NONE', #73, #1482, #552 ) ;
#195 = LINE ( 'NONE', #304, #1244 ) ;
#196 = APPROVAL_DATE_TIME ( #1146, #1169 ) ;
#197 = DIRECTION ( 'NONE',  ( 0.000000000000000000, 0.000000000000000000, 1.000000000000000000 ) ) ;
#198 = ORIENTED_EDGE ( 'NONE', *, *, #664, .F. ) ;
#199 = EDGE_CURVE ( 'NONE', #1345, #1307, #180, .T. ) ;
#200 = VECTOR ( 'NONE', #640, 1000.000000000000000 ) ;
#201 = DIRECTION ( 'NONE',  ( -0.000000000000000000, 0.000000000000000000, 1.000000000000000000 ) ) ;
#202 = DIRECTION ( 'NONE',  ( -0.000000000000000000, 1.000000000000000000, -0.000000000000000000 ) ) ;
#203 = LINE ( 'NONE', #1358, #1232 ) ;
#204 = ORIENTED_EDGE ( 'NONE', *, *, #1044, .T. ) ;
#205 = VECTOR ( 'NONE', #255, 1000.000000000000000 ) ;
#206 = EDGE_CURVE ( 'NONE', #1102, #1031, #1211, .T. ) ;
#207 = DIRECTION ( 'NONE',  ( 0.000000000000000000, -1.000000000000000000, 0.000000000000000000 ) ) ;
#208 = LINE ( 'NONE', #682, #60 ) ;
#209 = DIRECTION ( 'NONE',  ( -1.000000000000000000, 0.000000000000000000, 0.000000000000000000 ) ) ;
#210 = ORIENTED_EDGE ( 'NONE', *, *, #162, .F. ) ;
#211 = ORIENTED_EDGE ( 'NONE', *, *, #849, .T. ) ;
#212 = CARTESIAN_POINT ( 'NONE',  ( 0.000000000000000000, -8.300000000000000711, 0.000000000000000000 ) ) ;
#213 = DIRECTION ( 'NONE',  ( -1.000000000000000000, -0.000000000000000000, -0.000000000000000000 ) ) ;
#214 = EDGE_CURVE ( 'NONE', #1507, #498, #556, .T. ) ;
#215 = AXIS2_PLACEMENT_3D ( 'NONE', #246, #488, #29 ) ;
#216 = CARTESIAN_POINT ( 'NONE',  ( 6.099999999999998757, -2.600000000000000089, -5.280000000000001137 ) ) ;
#217 = VECTOR ( 'NONE', #876, 1000.000000000000000 ) ;
#218 = ORIENTED_EDGE ( 'NONE', *, *, #483, .T. ) ;
#219 = PLANE ( 'NONE',  #811 ) ;
#220 = ORIENTED_EDGE ( 'NONE', *, *, #648, .F. ) ;
#221 = DIRECTION ( 'NONE',  ( -0.000000000000000000, -1.000000000000000000, -0.000000000000000000 ) ) ;
#222 = EDGE_CURVE ( 'NONE', #524, #327, #649, .T. ) ;
#223 = DIRECTION ( 'NONE',  ( -0.000000000000000000, 1.000000000000000000, -0.000000000000000000 ) ) ;
#224 = ORIENTED_EDGE ( 'NONE', *, *, #1262, .T. ) ;
#225 = LINE ( 'NONE', #1171, #616 ) ;
#226 = EDGE_LOOP ( 'NONE', ( #1136, #981, #1310, #220, #867 ) ) ;
#227 = DIRECTION ( 'NONE',  ( 0.000000000000000000, -0.000000000000000000, -1.000000000000000000 ) ) ;
#228 = VECTOR ( 'NONE', #917, 1000.000000000000000 ) ;
#229 = CARTESIAN_POINT ( 'NONE',  ( 8.849999999999997868, 0.000000000000000000, -5.280000000000001137 ) ) ;
#230 = VECTOR ( 'NONE', #743, 1000.000000000000000 ) ;
#231 = CARTESIAN_POINT ( 'NONE',  ( 7.294999999999999041, -8.300000000000000711, 3.484999999999999432 ) ) ;
#232 = EDGE_CURVE ( 'NONE', #1317, #1274, #1131, .T. ) ;
#233 = EDGE_LOOP ( 'NONE', ( #1477, #742, #770, #301 ) ) ;
#234 = DIRECTION ( 'NONE',  ( -1.000000000000000000, -0.000000000000000000, -0.000000000000000000 ) ) ;
#235 = EDGE_CURVE ( 'NONE', #1292, #284, #1116, .T. ) ;
#236 = CC_DESIGN_APPROVAL ( #1169, ( #1129 ) ) ;
#237 = EDGE_LOOP ( 'NONE', ( #1335, #998, #707, #1161 ) ) ;
#238 = DIRECTION ( 'NONE',  ( 0.000000000000000000, -1.000000000000000000, 0.000000000000000000 ) ) ;
#239 = LINE ( 'NONE', #1218, #824 ) ;
#240 = AXIS2_PLACEMENT_3D ( 'NONE', #479, #128, #1316 ) ;
#241 = CARTESIAN_POINT ( 'NONE',  ( 7.944999999999998508, -8.300000000000000711, 4.134999999999999787 ) ) ;
#242 = VECTOR ( 'NONE', #1047, 1000.000000000000000 ) ;
#243 = CARTESIAN_POINT ( 'NONE',  ( -7.945000000000000284, -8.300000000000000711, -4.134999999999999787 ) ) ;
#244 = ORIENTED_EDGE ( 'NONE', *, *, #1153, .F. ) ;
#245 = EDGE_CURVE ( 'NONE', #1031, #413, #1123, .T. ) ;
#246 = CARTESIAN_POINT ( 'NONE',  ( 7.945000000000000284, -8.300000000000000711, -3.485000000000000320 ) ) ;
#247 = ORIENTED_EDGE ( 'NONE', *, *, #39, .T. ) ;
#248 = CARTESIAN_POINT ( 'NONE',  ( 8.849999999999999645, -2.600000000000000089, -2.530000000000001581 ) ) ;
#249 = EDGE_LOOP ( 'NONE', ( #756, #350, #54, #1421 ) ) ;
#250 = LINE ( 'NONE', #10, #317 ) ;
#251 = DIRECTION ( 'NONE',  ( -1.000000000000000000, 0.000000000000000000, -0.000000000000000000 ) ) ;
#252 = VERTEX_POINT ( 'NONE', #898 ) ;
#253 = CARTESIAN_POINT ( 'NONE',  ( 7.294999999999999041, -8.300000000000000711, 4.134999999999998899 ) ) ;
#254 = CC_DESIGN_DATE_AND_TIME_ASSIGNMENT ( #1212, #166, ( #1278 ) ) ;
#255 = DIRECTION ( 'NONE',  ( -0.000000000000000000, 1.000000000000000000, -0.000000000000000000 ) ) ;
#256 = VECTOR ( 'NONE', #388, 1000.000000000000000 ) ;
#257 = DIRECTION ( 'NONE',  ( -2.668805347656628059E-15, 0.000000000000000000, 1.000000000000000000 ) ) ;
#258 = CARTESIAN_POINT ( 'NONE',  ( 7.294999999999999041, -2.600000000000000089, 3.484999999999999432 ) ) ;
#259 = DIRECTION ( 'NONE',  ( -1.000000000000000000, -0.000000000000000000, -0.000000000000000000 ) ) ;
#260 = ORIENTED_EDGE ( 'NONE', *, *, #173, .T. ) ;
#261 = CARTESIAN_POINT ( 'NONE',  ( 7.294999999999999041, -8.300000000000000711, 3.484999999999999432 ) ) ;
#262 = ORIENTED_EDGE ( 'NONE', *, *, #1453, .F. ) ;
#263 = CARTESIAN_POINT ( 'NONE',  ( 7.294999999999999041, -2.600000000000000089, 4.134999999999998899 ) ) ;
#264 = VERTEX_POINT ( 'NONE', #85 ) ;
#265 = EDGE_CURVE ( 'NONE', #1472, #595, #702, .T. ) ;
#266 = APPROVAL_ROLE ( '' ) ;
#267 = AXIS2_PLACEMENT_3D ( 'NONE', #283, #159, #644 ) ;
#268 = DIRECTION ( 'NONE',  ( -0.000000000000000000, 1.000000000000000000, -0.000000000000000000 ) ) ;
#269 = VECTOR ( 'NONE', #870, 1000.000000000000000 ) ;
#270 = ORIENTED_EDGE ( 'NONE', *, *, #1240, .F. ) ;
#271 = LINE ( 'NONE', #1300, #193 ) ;
#272 = EDGE_LOOP ( 'NONE', ( #12, #354, #983, #1380 ) ) ;
#273 = CARTESIAN_POINT ( 'NONE',  ( 6.099999999999997868, -2.600000000000000089, 5.280000000000002913 ) ) ;
#274 = ORIENTED_EDGE ( 'NONE', *, *, #554, .T. ) ;
#275 = ADVANCED_FACE ( 'NONE', ( #808 ), #1493, .F. ) ;
#276 = LINE ( 'NONE', #1455, #709 ) ;
#277 = ORIENTED_EDGE ( 'NONE', *, *, #618, .T. ) ;
#278 = ORIENTED_EDGE ( 'NONE', *, *, #1478, .T. ) ;
#279 = CARTESIAN_POINT ( 'NONE',  ( -6.099999999999998757, 0.000000000000000000, -2.530000000000001581 ) ) ;
#280 = ORIENTED_EDGE ( 'NONE', *, *, #1337, .F. ) ;
#281 = VECTOR ( 'NONE', #64, 1000.000000000000000 ) ;
#282 = MECHANICAL_CONTEXT ( 'NONE', #1081, 'mechanical' ) ;
#283 = CARTESIAN_POINT ( 'NONE',  ( 7.294999999999999041, -8.300000000000000711, -3.485000000000000320 ) ) ;
#284 = VERTEX_POINT ( 'NONE', #1152 ) ;
#285 = EDGE_CURVE ( 'NONE', #820, #1472, #91, .T. ) ;
#286 = ORIENTED_EDGE ( 'NONE', *, *, #597, .T. ) ;
#287 = CARTESIAN_POINT ( 'NONE',  ( -7.945000000000000284, -8.300000000000000711, 3.485000000000000320 ) ) ;
#288 = DIRECTION ( 'NONE',  ( 6.308085367188391227E-16, -0.000000000000000000, -1.000000000000000000 ) ) ;
#289 = APPROVAL_STATUS ( 'not_yet_approved' ) ;
#290 = DIRECTION ( 'NONE',  ( -1.000000000000000000, -0.000000000000000000, -0.000000000000000000 ) ) ;
#291 = ORIENTED_EDGE ( 'NONE', *, *, #378, .T. ) ;
#292 = VECTOR ( 'NONE', #2, 1000.000000000000000 ) ;
#293 = EDGE_CURVE ( 'NONE', #454, #1520, #1027, .T. ) ;
#294 = VECTOR ( 'NONE', #1007, 1000.000000000000000 ) ;
#295 = ORIENTED_EDGE ( 'NONE', *, *, #1055, .T. ) ;
#296 = DIRECTION ( 'NONE',  ( -0.000000000000000000, 1.000000000000000000, -0.000000000000000000 ) ) ;
#297 = DIRECTION ( 'NONE',  ( 0.000000000000000000, 0.000000000000000000, -1.000000000000000000 ) ) ;
#298 = DIRECTION ( 'NONE',  ( 6.308085367188391227E-16, 0.000000000000000000, 1.000000000000000000 ) ) ;
#299 = PLANE ( 'NONE',  #492 ) ;
#300 = EDGE_LOOP ( 'NONE', ( #1079, #907, #478, #44 ) ) ;
#301 = ORIENTED_EDGE ( 'NONE', *, *, #1363, .F. ) ;
#302 = CARTESIAN_POINT ( 'NONE',  ( -6.099999999999999645, 0.000000000000000000, 2.529999999999999805 ) ) ;
#303 = EDGE_CURVE ( 'NONE', #914, #108, #1501, .T. ) ;
#304 = CARTESIAN_POINT ( 'NONE',  ( 7.294999999999999041, -8.300000000000000711, 4.134999999999998899 ) ) ;
#305 = PERSON_AND_ORGANIZATION ( #525, #1372 ) ;
#306 = VECTOR ( 'NONE', #99, 1000.000000000000000 ) ;
#307 = LINE ( 'NONE', #320, #986 ) ;
#308 = VECTOR ( 'NONE', #213, 1000.000000000000000 ) ;
#309 = ORIENTED_EDGE ( 'NONE', *, *, #648, .T. ) ;
#310 = CARTESIAN_POINT ( 'NONE',  ( 8.849999999999997868, -2.600000000000000089, -5.280000000000001137 ) ) ;
#311 = LINE ( 'NONE', #662, #82 ) ;
#312 = ADVANCED_FACE ( 'NONE', ( #910 ), #1271, .F. ) ;
#313 = CARTESIAN_POINT ( 'NONE',  ( 7.294999999999999041, -8.300000000000000711, -3.485000000000000320 ) ) ;
#314 = ORIENTED_EDGE ( 'NONE', *, *, #232, .T. ) ;
#315 = CARTESIAN_POINT ( 'NONE',  ( 0.000000000000000000, 1.600000000000000089, 0.000000000000000000 ) ) ;
#316 = VECTOR ( 'NONE', #1260, 1000.000000000000000 ) ;
#317 = VECTOR ( 'NONE', #1410, 1000.000000000000000 ) ;
#318 = CARTESIAN_POINT ( 'NONE',  ( 6.099999999999997868, -2.600000000000000089, 5.280000000000002913 ) ) ;
#319 = VECTOR ( 'NONE', #186, 1000.000000000000000 ) ;
#320 = CARTESIAN_POINT ( 'NONE',  ( -7.945000000000000284, -2.600000000000000089, 4.134999999999999787 ) ) ;
#321 = CC_DESIGN_PERSON_AND_ORGANIZATION_ASSIGNMENT ( #501, #885, ( #446 ) ) ;
#322 = EDGE_LOOP ( 'NONE', ( #882, #387, #846, #880 ) ) ;
#323 = FACE_OUTER_BOUND ( 'NONE', #191, .T. ) ;
#324 = DIRECTION ( 'NONE',  ( 0.000000000000000000, -1.000000000000000000, 0.000000000000000000 ) ) ;
#325 = SHAPE_DEFINITION_REPRESENTATION ( #1454, #791 ) ;
#326 = CARTESIAN_POINT ( 'NONE',  ( -6.099999999999998757, -2.600000000000000089, -5.280000000000001137 ) ) ;
#327 = VERTEX_POINT ( 'NONE', #1408 ) ;
#328 = ORIENTED_EDGE ( 'NONE', *, *, #173, .F. ) ;
#329 = VECTOR ( 'NONE', #1480, 1000.000000000000000 ) ;
#330 = EDGE_CURVE ( 'NONE', #369, #1412, #826, .T. ) ;
#331 = CARTESIAN_POINT ( 'NONE',  ( -8.849999999999997868, -2.600000000000000089, -5.280000000000001137 ) ) ;
#332 = CARTESIAN_POINT ( 'NONE',  ( 0.000000000000000000, 0.000000000000000000, 0.000000000000000000 ) ) ;
#333 = LINE ( 'NONE', #1266, #1325 ) ;
#334 = VERTEX_POINT ( 'NONE', #926 ) ;
#335 = CARTESIAN_POINT ( 'NONE',  ( -8.849999999999999645, -2.600000000000000089, -2.530000000000001581 ) ) ;
#336 = ADVANCED_FACE ( 'NONE', ( #574 ), #802, .F. ) ;
#337 = VECTOR ( 'NONE', #153, 1000.000000000000000 ) ;
#338 = LINE ( 'NONE', #1294, #308 ) ;
#339 = VECTOR ( 'NONE', #125, 1000.000000000000000 ) ;
#340 = CARTESIAN_POINT ( 'NONE',  ( 8.849999999999996092, -2.600000000000000089, 5.280000000000002913 ) ) ;
#341 = ORIENTED_EDGE ( 'NONE', *, *, #735, .T. ) ;
#342 = CARTESIAN_POINT ( 'NONE',  ( -8.849999999999999645, 0.000000000000000000, 2.529999999999999805 ) ) ;
#343 = EDGE_LOOP ( 'NONE', ( #693, #1404, #210, #291 ) ) ;
#344 = DIRECTION ( 'NONE',  ( -0.000000000000000000, 1.000000000000000000, -0.000000000000000000 ) ) ;
#345 = EDGE_LOOP ( 'NONE', ( #395, #1322, #956, #671 ) ) ;
#346 = DIRECTION ( 'NONE',  ( 0.000000000000000000, 0.000000000000000000, -1.000000000000000000 ) ) ;
#347 = EDGE_CURVE ( 'NONE', #1005, #436, #455, .T. ) ;
#348 = EDGE_CURVE ( 'NONE', #1104, #327, #338, .T. ) ;
#349 = LINE ( 'NONE', #107, #737 ) ;
#350 = ORIENTED_EDGE ( 'NONE', *, *, #330, .F. ) ;
#351 = CARTESIAN_POINT ( 'NONE',  ( 7.945000000000000284, -2.600000000000000089, -3.485000000000000320 ) ) ;
#352 = ORIENTED_EDGE ( 'NONE', *, *, #569, .F. ) ;
#353 = CARTESIAN_POINT ( 'NONE',  ( 0.000000000000000000, -8.300000000000000711, 0.000000000000000000 ) ) ;
#354 = ORIENTED_EDGE ( 'NONE', *, *, #122, .T. ) ;
#355 = DIRECTION ( 'NONE',  ( 1.000000000000000000, -0.000000000000000000, -0.000000000000000000 ) ) ;
#356 = CARTESIAN_POINT ( 'NONE',  ( -7.945000000000000284, -8.300000000000000711, 3.485000000000000320 ) ) ;
#357 = ADVANCED_FACE ( 'NONE', ( #473 ), #675, .F. ) ;
#358 = CARTESIAN_POINT ( 'NONE',  ( -8.849999999999999645, -2.600000000000000089, 5.279999999999999361 ) ) ;
#359 = ORIENTED_EDGE ( 'NONE', *, *, #232, .F. ) ;
#360 = PLANE ( 'NONE',  #886 ) ;
#361 = ORIENTED_EDGE ( 'NONE', *, *, #871, .F. ) ;
#362 = FACE_BOUND ( 'NONE', #481, .T. ) ;
#363 = ORIENTED_EDGE ( 'NONE', *, *, #672, .F. ) ;
#364 = AXIS2_PLACEMENT_3D ( 'NONE', #1242, #1111, #176 ) ;
#365 = LINE ( 'NONE', #575, #1254 ) ;
#366 = PLANE ( 'NONE',  #546 ) ;
#367 = EDGE_CURVE ( 'NONE', #891, #1284, #1514, .T. ) ;
#368 = VECTOR ( 'NONE', #654, 1000.000000000000000 ) ;
#369 = VERTEX_POINT ( 'NONE', #1164 ) ;
#370 = CARTESIAN_POINT ( 'NONE',  ( 8.849999999999999645, 0.000000000000000000, -2.530000000000001581 ) ) ;
#371 = ORIENTED_EDGE ( 'NONE', *, *, #904, .T. ) ;
#372 = DIRECTION ( 'NONE',  ( 1.410344289412038226E-16, -0.000000000000000000, -1.000000000000000000 ) ) ;
#373 = CARTESIAN_POINT ( 'NONE',  ( 7.294999999999999041, -2.600000000000000089, -3.485000000000000320 ) ) ;
#374 = CARTESIAN_POINT ( 'NONE',  ( -7.945000000000000284, -2.600000000000000089, 3.485000000000000320 ) ) ;
#375 = LINE ( 'NONE', #522, #929 ) ;
#376 = ORIENTED_EDGE ( 'NONE', *, *, #1142, .T. ) ;
#377 = FACE_OUTER_BOUND ( 'NONE', #300, .T. ) ;
#378 = EDGE_CURVE ( 'NONE', #88, #1503, #106, .T. ) ;
#379 = ORIENTED_EDGE ( 'NONE', *, *, #265, .T. ) ;
#380 = LINE ( 'NONE', #1071, #1264 ) ;
#381 = VECTOR ( 'NONE', #1303, 1000.000000000000000 ) ;
#382 = CARTESIAN_POINT ( 'NONE',  ( 7.944999999999998508, -8.300000000000000711, 3.484999999999998543 ) ) ;
#383 = CALENDAR_DATE ( 2026, 1, 9 ) ;
#384 = LINE ( 'NONE', #1352, #860 ) ;
#385 = ORIENTED_EDGE ( 'NONE', *, *, #1094, .F. ) ;
#386 = CARTESIAN_POINT ( 'NONE',  ( 7.945000000000000284, -8.300000000000000711, -4.135000000000000675 ) ) ;
#387 = ORIENTED_EDGE ( 'NONE', *, *, #1125, .F. ) ;
#388 = DIRECTION ( 'NONE',  ( 6.308085367188391227E-16, 0.000000000000000000, 1.000000000000000000 ) ) ;
#389 = ADVANCED_FACE ( 'NONE', ( #934 ), #1057, .F. ) ;
#390 = FACE_OUTER_BOUND ( 'NONE', #1328, .T. ) ;
#391 = DIRECTION ( 'NONE',  ( 1.000000000000000000, 0.000000000000000000, 0.000000000000000000 ) ) ;
#392 = VECTOR ( 'NONE', #887, 1000.000000000000000 ) ;
#393 = CARTESIAN_POINT ( 'NONE',  ( 0.000000000000000000, -2.600000000000000089, 0.000000000000000000 ) ) ;
#394 = AXIS2_PLACEMENT_3D ( 'NONE', #340, #475, #961 ) ;
#395 = ORIENTED_EDGE ( 'NONE', *, *, #130, .T. ) ;
#396 = PLANE ( 'NONE',  #419 ) ;
#397 = EDGE_LOOP ( 'NONE', ( #593, #1407, #1237, #763 ) ) ;
#398 = DIRECTION ( 'NONE',  ( 2.668805347656624509E-15, 0.000000000000000000, -1.000000000000000000 ) ) ;
#399 = EDGE_CURVE ( 'NONE', #1284, #1498, #208, .T. ) ;
#400 = CARTESIAN_POINT ( 'NONE',  ( 8.799999999999998934, 1.600000000000000089, 6.150000000000000355 ) ) ;
#401 = CARTESIAN_POINT ( 'NONE',  ( 8.849999999999997868, -2.600000000000000089, -5.280000000000001137 ) ) ;
#402 = EDGE_CURVE ( 'NONE', #888, #264, #816, .T. ) ;
#403 = CARTESIAN_POINT ( 'NONE',  ( 8.849999999999999645, -2.600000000000000089, 2.530000000000003357 ) ) ;
#404 = ORIENTED_EDGE ( 'NONE', *, *, #101, .F. ) ;
#405 = ORIENTED_EDGE ( 'NONE', *, *, #190, .F. ) ;
#406 = CARTESIAN_POINT ( 'NONE',  ( -8.800000000000002487, 1.600000000000000089, 6.150000000000000355 ) ) ;
#407 = LINE ( 'NONE', #1362, #506 ) ;
#408 = AXIS2_PLACEMENT_3D ( 'NONE', #1378, #324, #1175 ) ;
#409 =( NAMED_UNIT ( * ) PLANE_ANGLE_UNIT ( ) SI_UNIT ( $, .RADIAN. ) );
#410 = DIRECTION ( 'NONE',  ( 0.000000000000000000, 0.000000000000000000, 1.000000000000000000 ) ) ;
#411 = ADVANCED_FACE ( 'NONE', ( #1523, #362 ), #499, .T. ) ;
#412 = ORIENTED_EDGE ( 'NONE', *, *, #881, .F. ) ;
#413 = VERTEX_POINT ( 'NONE', #6 ) ;
#414 = LINE ( 'NONE', #1130, #319 ) ;
#415 = LINE ( 'NONE', #1486, #775 ) ;
#416 = DIRECTION ( 'NONE',  ( 1.000000000000000000, 0.000000000000000000, -0.000000000000000000 ) ) ;
#417 = EDGE_LOOP ( 'NONE', ( #277, #684, #47, #1228 ) ) ;
#418 = ADVANCED_FACE ( 'NONE', ( #614 ), #1064, .F. ) ;
#419 = AXIS2_PLACEMENT_3D ( 'NONE', #865, #829, #1049 ) ;
#420 = EDGE_LOOP ( 'NONE', ( #218, #363, #639, #96 ) ) ;
#421 = DIRECTION ( 'NONE',  ( -0.000000000000000000, 1.000000000000000000, -0.000000000000000000 ) ) ;
#422 = DIRECTION ( 'NONE',  ( 0.000000000000000000, 0.000000000000000000, -1.000000000000000000 ) ) ;
#423 = VECTOR ( 'NONE', #172, 1000.000000000000000 ) ;
#424 = PLANE ( 'NONE',  #115 ) ;
#425 = ORIENTED_EDGE ( 'NONE', *, *, #1094, .T. ) ;
#426 = CARTESIAN_POINT ( 'NONE',  ( 6.099999999999997868, -2.600000000000000089, 2.530000000000003357 ) ) ;
#427 = EDGE_CURVE ( 'NONE', #799, #1173, #138, .T. ) ;
#428 = CARTESIAN_POINT ( 'NONE',  ( -6.099999999999998757, -2.600000000000000089, -5.280000000000001137 ) ) ;
#429 = VECTOR ( 'NONE', #836, 1000.000000000000000 ) ;
#430 = DIRECTION ( 'NONE',  ( 0.000000000000000000, 0.000000000000000000, -1.000000000000000000 ) ) ;
#431 = ORIENTED_EDGE ( 'NONE', *, *, #1085, .T. ) ;
#432 = LINE ( 'NONE', #1355, #1235 ) ;
#433 = CARTESIAN_POINT ( 'NONE',  ( 0.000000000000000000, 0.000000000000000000, 0.000000000000000000 ) ) ;
#434 = ADVANCED_FACE ( 'NONE', ( #124 ), #1415, .F. ) ;
#435 = CARTESIAN_POINT ( 'NONE',  ( 8.800000000000000711, 0.000000000000000000, -2.530000000000001581 ) ) ;
#436 = VERTEX_POINT ( 'NONE', #959 ) ;
#437 = DIRECTION ( 'NONE',  ( 0.000000000000000000, -1.000000000000000000, 0.000000000000000000 ) ) ;
#438 = VECTOR ( 'NONE', #714, 1000.000000000000000 ) ;
#439 = VECTOR ( 'NONE', #935, 1000.000000000000000 ) ;
#440 = DIRECTION ( 'NONE',  ( 0.000000000000000000, -1.000000000000000000, 0.000000000000000000 ) ) ;
#441 = COORDINATED_UNIVERSAL_TIME_OFFSET ( 5, 0, .BEHIND. ) ;
#442 = CARTESIAN_POINT ( 'NONE',  ( 8.800000000000000711, 0.000000000000000000, -6.150000000000000355 ) ) ;
#443 = ADVANCED_FACE ( 'NONE', ( #1424 ), #155, .F. ) ;
#444 = ORIENTED_EDGE ( 'NONE', *, *, #330, .T. ) ;
#445 = EDGE_LOOP ( 'NONE', ( #1518, #1402, #1025, #1217 ) ) ;
#446 = PRODUCT ( 'buck_converter', 'buck_converter', '', ( #282 ) ) ;
#447 = FACE_OUTER_BOUND ( 'NONE', #445, .T. ) ;
#448 = CARTESIAN_POINT ( 'NONE',  ( -8.800000000000002487, 0.000000000000000000, -6.150000000000000355 ) ) ;
#449 = CARTESIAN_POINT ( 'NONE',  ( -8.800000000000002487, 0.000000000000000000, 6.150000000000000355 ) ) ;
#450 = ORIENTED_EDGE ( 'NONE', *, *, #84, .T. ) ;
#451 = ORIENTED_EDGE ( 'NONE', *, *, #347, .T. ) ;
#452 = EDGE_CURVE ( 'NONE', #413, #652, #380, .T. ) ;
#453 = LINE ( 'NONE', #566, #521 ) ;
#454 = VERTEX_POINT ( 'NONE', #1432 ) ;
#455 = LINE ( 'NONE', #229, #819 ) ;
#456 = DIRECTION ( 'NONE',  ( -0.000000000000000000, -1.000000000000000000, -0.000000000000000000 ) ) ;
#457 = LOCAL_TIME ( 17, 44, 48.00000000000000000, #441 ) ;
#458 = ORIENTED_EDGE ( 'NONE', *, *, #151, .T. ) ;
#459 = EDGE_CURVE ( 'NONE', #1503, #971, #1441, .T. ) ;
#460 = ORIENTED_EDGE ( 'NONE', *, *, #495, .T. ) ;
#461 = DIRECTION ( 'NONE',  ( 0.000000000000000000, 1.000000000000000000, 0.000000000000000000 ) ) ;
#462 = EDGE_CURVE ( 'NONE', #1381, #53, #835, .T. ) ;
#463 = VECTOR ( 'NONE', #268, 1000.000000000000000 ) ;
#464 = ORIENTED_EDGE ( 'NONE', *, *, #849, .F. ) ;
#465 = CARTESIAN_POINT ( 'NONE',  ( 7.944999999999998508, -8.300000000000000711, 4.134999999999999787 ) ) ;
#466 = APPROVAL_PERSON_ORGANIZATION ( #854, #49, #1343 ) ;
#467 = DIRECTION ( 'NONE',  ( -1.261617073437678245E-15, -0.000000000000000000, 1.000000000000000000 ) ) ;
#468 = ORIENTED_EDGE ( 'NONE', *, *, #899, .F. ) ;
#469 = DIRECTION ( 'NONE',  ( -1.000000000000000000, -0.000000000000000000, -0.000000000000000000 ) ) ;
#470 = ORIENTED_EDGE ( 'NONE', *, *, #110, .T. ) ;
#471 = DIRECTION ( 'NONE',  ( -1.000000000000000000, -0.000000000000000000, -0.000000000000000000 ) ) ;
#472 = ORIENTED_EDGE ( 'NONE', *, *, #1036, .F. ) ;
#473 = FACE_OUTER_BOUND ( 'NONE', #559, .T. ) ;
#474 = EDGE_CURVE ( 'NONE', #31, #820, #624, .T. ) ;
#475 = DIRECTION ( 'NONE',  ( -1.000000000000000000, 0.000000000000000000, -1.261617073437678245E-15 ) ) ;
#476 = ORIENTED_EDGE ( 'NONE', *, *, #67, .T. ) ;
#477 = LINE ( 'NONE', #601, #144 ) ;
#478 = ORIENTED_EDGE ( 'NONE', *, *, #39, .F. ) ;
#479 = CARTESIAN_POINT ( 'NONE',  ( -8.849999999999999645, -2.600000000000000089, 2.529999999999999805 ) ) ;
#480 = AXIS2_PLACEMENT_3D ( 'NONE', #508, #1185, #148 ) ;
#481 = EDGE_LOOP ( 'NONE', ( #3, #1450, #37, #1069 ) ) ;
#482 = DIRECTION ( 'NONE',  ( 1.000000000000000000, 0.000000000000000000, 0.000000000000000000 ) ) ;
#483 = EDGE_CURVE ( 'NONE', #436, #891, #718, .T. ) ;
#484 = CARTESIAN_POINT ( 'NONE',  ( -7.295000000000000817, -8.300000000000000711, -3.485000000000000320 ) ) ;
#485 = CARTESIAN_POINT ( 'NONE',  ( 7.294999999999999041, -8.300000000000000711, -3.485000000000000320 ) ) ;
#486 = CARTESIAN_POINT ( 'NONE',  ( 7.945000000000000284, -2.600000000000000089, -3.485000000000000320 ) ) ;
#487 = ORIENTED_EDGE ( 'NONE', *, *, #1388, .F. ) ;
#488 = DIRECTION ( 'NONE',  ( -1.000000000000000000, 0.000000000000000000, -0.000000000000000000 ) ) ;
#489 = VERTEX_POINT ( 'NONE', #517 ) ;
#490 = LINE ( 'NONE', #868, #230 ) ;
#491 = LINE ( 'NONE', #1425, #874 ) ;
#492 = AXIS2_PLACEMENT_3D ( 'NONE', #182, #1462, #1118 ) ;
#493 = LINE ( 'NONE', #1305, #339 ) ;
#494 = CARTESIAN_POINT ( 'NONE',  ( -8.800000000000002487, 1.600000000000000089, -6.150000000000000355 ) ) ;
#495 = EDGE_CURVE ( 'NONE', #595, #31, #984, .T. ) ;
#496 = EDGE_LOOP ( 'NONE', ( #1347, #1428, #1431, #62 ) ) ;
#497 = LINE ( 'NONE', #253, #1050 ) ;
#498 = VERTEX_POINT ( 'NONE', #129 ) ;
#499 = PLANE ( 'NONE',  #1144 ) ;
#500 = DIRECTION ( 'NONE',  ( 1.000000000000000000, 0.000000000000000000, 2.668805347656624115E-15 ) ) ;
#501 = PERSON_AND_ORGANIZATION ( #525, #1372 ) ;
#502 = LINE ( 'NONE', #955, #958 ) ;
#503 = VERTEX_POINT ( 'NONE', #606 ) ;
#504 = EDGE_CURVE ( 'NONE', #1274, #369, #1210, .T. ) ;
#505 = DIRECTION ( 'NONE',  ( 0.000000000000000000, 0.000000000000000000, 1.000000000000000000 ) ) ;
#506 = VECTOR ( 'NONE', #1350, 1000.000000000000000 ) ;
#507 = VERTEX_POINT ( 'NONE', #859 ) ;
#508 = CARTESIAN_POINT ( 'NONE',  ( 8.849999999999997868, -2.600000000000000089, -5.280000000000001137 ) ) ;
#509 = DIRECTION ( 'NONE',  ( -1.000000000000000000, -0.000000000000000000, -0.000000000000000000 ) ) ;
#510 = LINE ( 'NONE', #978, #269 ) ;
#511 = CARTESIAN_POINT ( 'NONE',  ( -7.295000000000000817, -2.600000000000000089, 4.134999999999999787 ) ) ;
#512 = UNCERTAINTY_MEASURE_WITH_UNIT (LENGTH_MEASURE( 1.000000000000000082E-05 ), #57, 'distance_accuracy_value', 'NONE');
#513 = ORIENTED_EDGE ( 'NONE', *, *, #518, .T. ) ;
#514 = CARTESIAN_POINT ( 'NONE',  ( 8.800000000000000711, 0.000000000000000000, -6.150000000000000355 ) ) ;
#515 = EDGE_CURVE ( 'NONE', #1326, #1099, #1327, .T. ) ;
#516 = VERTEX_POINT ( 'NONE', #273 ) ;
#517 = CARTESIAN_POINT ( 'NONE',  ( -8.800000000000002487, 0.000000000000000000, 5.279999999999999361 ) ) ;
#518 = EDGE_CURVE ( 'NONE', #607, #915, #490, .T. ) ;
#519 = CARTESIAN_POINT ( 'NONE',  ( -8.849999999999999645, -2.600000000000000089, 5.279999999999999361 ) ) ;
#520 = DATE_AND_TIME ( #35, #1366 ) ;
#521 = VECTOR ( 'NONE', #1174, 1000.000000000000000 ) ;
#522 = CARTESIAN_POINT ( 'NONE',  ( -8.800000000000002487, 0.000000000000000000, -6.150000000000000355 ) ) ;
#523 = AXIS2_PLACEMENT_3D ( 'NONE', #401, #878, #298 ) ;
#524 = VERTEX_POINT ( 'NONE', #14 ) ;
#525 = PERSON ( 'UNSPECIFIED', 'UNSPECIFIED', 'UNSPECIFIED', ('UNSPECIFIED'), ('UNSPECIFIED'), ('UNSPECIFIED') ) ;
#526 = ORIENTED_EDGE ( 'NONE', *, *, #30, .F. ) ;
#527 = PLANE ( 'NONE',  #1183 ) ;
#528 = DIRECTION ( 'NONE',  ( 0.000000000000000000, 0.000000000000000000, 1.000000000000000000 ) ) ;
#529 = EDGE_CURVE ( 'NONE', #334, #507, #239, .T. ) ;
#530 = PERSON_AND_ORGANIZATION ( #525, #1372 ) ;
#531 = LINE ( 'NONE', #739, #1448 ) ;
#532 = ORIENTED_EDGE ( 'NONE', *, *, #1522, .T. ) ;
#533 = EDGE_LOOP ( 'NONE', ( #1456, #123, #328, #1157, #1197 ) ) ;
#534 = CARTESIAN_POINT ( 'NONE',  ( -8.800000000000002487, 1.600000000000000089, -6.150000000000000355 ) ) ;
#535 = DIRECTION ( 'NONE',  ( 0.000000000000000000, -0.000000000000000000, -1.000000000000000000 ) ) ;
#536 = VECTOR ( 'NONE', #1097, 1000.000000000000000 ) ;
#537 = CARTESIAN_POINT ( 'NONE',  ( -8.800000000000002487, 0.000000000000000000, -6.150000000000000355 ) ) ;
#538 = CC_DESIGN_PERSON_AND_ORGANIZATION_ASSIGNMENT ( #1444, #1091, ( #1278 ) ) ;
#539 = DIRECTION ( 'NONE',  ( 0.000000000000000000, 0.000000000000000000, 1.000000000000000000 ) ) ;
#540 = ORIENTED_EDGE ( 'NONE', *, *, #245, .T. ) ;
#541 = ORIENTED_EDGE ( 'NONE', *, *, #474, .T. ) ;
#542 = CARTESIAN_POINT ( 'NONE',  ( 6.099999999999998757, 0.000000000000000000, -5.280000000000001137 ) ) ;
#543 = LOCAL_TIME ( 17, 44, 48.00000000000000000, #1132 ) ;
#544 = CARTESIAN_POINT ( 'NONE',  ( 7.294999999999999041, -8.300000000000000711, 4.134999999999998899 ) ) ;
#545 = CARTESIAN_POINT ( 'NONE',  ( 7.295000000000000817, -8.300000000000000711, -4.135000000000000675 ) ) ;
#546 = AXIS2_PLACEMENT_3D ( 'NONE', #1306, #1204, #251 ) ;
#547 = ORIENTED_EDGE ( 'NONE', *, *, #235, .T. ) ;
#548 = EDGE_CURVE ( 'NONE', #629, #5, #1311, .T. ) ;
#549 = LOCAL_TIME ( 17, 44, 48.00000000000000000, #1329 ) ;
#550 = CARTESIAN_POINT ( 'NONE',  ( -7.945000000000000284, -8.300000000000000711, 4.134999999999999787 ) ) ;
#551 = CARTESIAN_POINT ( 'NONE',  ( -8.849999999999999645, -2.600000000000000089, 2.529999999999999805 ) ) ;
#552 = DIRECTION ( 'NONE',  ( 0.000000000000000000, -0.000000000000000000, -1.000000000000000000 ) ) ;
#553 = ORIENTED_EDGE ( 'NONE', *, *, #830, .T. ) ;
#554 = EDGE_CURVE ( 'NONE', #1048, #264, #661, .T. ) ;
#555 = DIRECTION ( 'NONE',  ( 1.000000000000000000, 0.000000000000000000, 0.000000000000000000 ) ) ;
#556 = LINE ( 'NONE', #773, #697 ) ;
#557 = AXIS2_PLACEMENT_3D ( 'NONE', #433, #1368, #297 ) ;
#558 = LINE ( 'NONE', #1386, #784 ) ;
#559 = EDGE_LOOP ( 'NONE', ( #224, #585, #966, #975 ) ) ;
#560 = PLANE ( 'NONE',  #1151 ) ;
#561 = CARTESIAN_POINT ( 'NONE',  ( 6.099999999999998757, -2.600000000000000089, -5.280000000000001137 ) ) ;
#562 = EDGE_CURVE ( 'NONE', #1018, #637, #764, .T. ) ;
#563 = DIRECTION ( 'NONE',  ( -1.000000000000000000, 0.000000000000000000, -1.410344289412038473E-16 ) ) ;
#564 = VERTEX_POINT ( 'NONE', #287 ) ;
#565 = VERTEX_POINT ( 'NONE', #542 ) ;
#566 = CARTESIAN_POINT ( 'NONE',  ( 7.294999999999999041, -2.600000000000000089, -3.485000000000000320 ) ) ;
#567 = AXIS2_PLACEMENT_3D ( 'NONE', #677, #683, #1035 ) ;
#568 = DIRECTION ( 'NONE',  ( -1.000000000000000000, 0.000000000000000000, 0.000000000000000000 ) ) ;
#569 = EDGE_CURVE ( 'NONE', #666, #160, #751, .T. ) ;
#570 = DIRECTION ( 'NONE',  ( -0.000000000000000000, 1.000000000000000000, -0.000000000000000000 ) ) ;
#571 = ORIENTED_EDGE ( 'NONE', *, *, #1330, .T. ) ;
#572 = ORIENTED_EDGE ( 'NONE', *, *, #1478, .F. ) ;
#573 = PLANE ( 'NONE',  #1494 ) ;
#574 = FACE_OUTER_BOUND ( 'NONE', #533, .T. ) ;
#575 = CARTESIAN_POINT ( 'NONE',  ( -7.944999999999998508, -2.600000000000000089, -3.485000000000000320 ) ) ;
#576 = EDGE_CURVE ( 'NONE', #798, #454, #1138, .T. ) ;
#577 = ORIENTED_EDGE ( 'NONE', *, *, #618, .F. ) ;
#578 = VECTOR ( 'NONE', #1008, 1000.000000000000000 ) ;
#579 = ADVANCED_FACE ( 'NONE', ( #192 ), #1239, .F. ) ;
#580 = CARTESIAN_POINT ( 'NONE',  ( 8.800000000000000711, 1.600000000000000089, -6.150000000000000355 ) ) ;
#581 = DIRECTION ( 'NONE',  ( -1.000000000000000000, 0.000000000000000000, 0.000000000000000000 ) ) ;
#582 = LINE ( 'NONE', #1401, #1301 ) ;
#583 = VERTEX_POINT ( 'NONE', #668 ) ;
#584 = DIRECTION ( 'NONE',  ( 2.668805347656624509E-15, 0.000000000000000000, -1.000000000000000000 ) ) ;
#585 = ORIENTED_EDGE ( 'NONE', *, *, #1442, .F. ) ;
#586 = ADVANCED_FACE ( 'NONE', ( #1122 ), #527, .F. ) ;
#587 = FACE_OUTER_BOUND ( 'NONE', #858, .T. ) ;
#588 = CALENDAR_DATE ( 2026, 1, 9 ) ;
#589 = AXIS2_PLACEMENT_3D ( 'NONE', #403, #539, #416 ) ;
#590 = DIRECTION ( 'NONE',  ( 0.000000000000000000, 0.000000000000000000, 1.000000000000000000 ) ) ;
#591 = VECTOR ( 'NONE', #953, 1000.000000000000000 ) ;
#592 = CARTESIAN_POINT ( 'NONE',  ( -7.945000000000000284, -2.600000000000000089, -4.134999999999999787 ) ) ;
#593 = ORIENTED_EDGE ( 'NONE', *, *, #689, .T. ) ;
#594 = PLANE ( 'NONE',  #1207 ) ;
#595 = VERTEX_POINT ( 'NONE', #310 ) ;
#596 = LINE ( 'NONE', #1077, #1078 ) ;
#597 = EDGE_CURVE ( 'NONE', #1446, #1292, #1251, .T. ) ;
#598 = VERTEX_POINT ( 'NONE', #1466 ) ;
#599 = DIRECTION ( 'NONE',  ( 0.000000000000000000, -1.000000000000000000, 0.000000000000000000 ) ) ;
#600 = LINE ( 'NONE', #703, #1208 ) ;
#601 = CARTESIAN_POINT ( 'NONE',  ( -7.295000000000000817, -8.300000000000000711, 3.485000000000000320 ) ) ;
#602 = ORIENTED_EDGE ( 'NONE', *, *, #347, .F. ) ;
#603 = CARTESIAN_POINT ( 'NONE',  ( -7.295000000000000817, -8.300000000000000711, 4.134999999999999787 ) ) ;
#604 = AXIS2_PLACEMENT_3D ( 'NONE', #736, #1219, #257 ) ;
#605 = ORIENTED_EDGE ( 'NONE', *, *, #1172, .F. ) ;
#606 = CARTESIAN_POINT ( 'NONE',  ( 7.945000000000000284, -8.300000000000000711, -4.135000000000000675 ) ) ;
#607 = VERTEX_POINT ( 'NONE', #1479 ) ;
#608 = EDGE_CURVE ( 'NONE', #369, #598, #48, .T. ) ;
#609 = DIRECTION ( 'NONE',  ( 1.000000000000000000, 0.000000000000000000, 0.000000000000000000 ) ) ;
#610 = CARTESIAN_POINT ( 'NONE',  ( -8.849999999999999645, 0.000000000000000000, -2.530000000000001581 ) ) ;
#611 = EDGE_LOOP ( 'NONE', ( #274, #645, #178, #81, #850 ) ) ;
#612 = DIRECTION ( 'NONE',  ( 1.410344289412038226E-16, -0.000000000000000000, -1.000000000000000000 ) ) ;
#613 = VERTEX_POINT ( 'NONE', #77 ) ;
#614 = FACE_OUTER_BOUND ( 'NONE', #792, .T. ) ;
#615 = CARTESIAN_POINT ( 'NONE',  ( -7.945000000000000284, -8.300000000000000711, -4.134999999999999787 ) ) ;
#616 = VECTOR ( 'NONE', #118, 1000.000000000000000 ) ;
#617 =( NAMED_UNIT ( * ) SI_UNIT ( $, .STERADIAN. ) SOLID_ANGLE_UNIT ( ) );
#618 = EDGE_CURVE ( 'NONE', #53, #1104, #414, .T. ) ;
#619 = VECTOR ( 'NONE', #421, 1000.000000000000000 ) ;
#620 = CARTESIAN_POINT ( 'NONE',  ( 7.294999999999999041, -2.600000000000000089, -3.485000000000000320 ) ) ;
#621 = VERTEX_POINT ( 'NONE', #883 ) ;
#622 = CARTESIAN_POINT ( 'NONE',  ( -8.849999999999999645, -2.600000000000000089, 5.279999999999999361 ) ) ;
#623 = ORIENTED_EDGE ( 'NONE', *, *, #206, .T. ) ;
#624 = LINE ( 'NONE', #248, #1384 ) ;
#625 = VECTOR ( 'NONE', #772, 1000.000000000000000 ) ;
#626 = DIRECTION ( 'NONE',  ( 0.000000000000000000, 0.000000000000000000, 1.000000000000000000 ) ) ;
#627 = APPROVAL_STATUS ( 'not_yet_approved' ) ;
#628 = FACE_OUTER_BOUND ( 'NONE', #1332, .T. ) ;
#629 = VERTEX_POINT ( 'NONE', #426 ) ;
#630 = CARTESIAN_POINT ( 'NONE',  ( -8.800000000000002487, 0.000000000000000000, -2.530000000000001581 ) ) ;
#631 = EDGE_CURVE ( 'NONE', #1031, #1048, #892, .T. ) ;
#632 = AXIS2_PLACEMENT_3D ( 'NONE', #1385, #1508, #941 ) ;
#633 = ORIENTED_EDGE ( 'NONE', *, *, #1036, .T. ) ;
#634 = CARTESIAN_POINT ( 'NONE',  ( 7.294999999999999041, -8.300000000000000711, -3.485000000000000320 ) ) ;
#635 = PLANE ( 'NONE',  #604 ) ;
#636 = PLANE ( 'NONE',  #364 ) ;
#637 = VERTEX_POINT ( 'NONE', #279 ) ;
#638 = EDGE_CURVE ( 'NONE', #1177, #1446, #432, .T. ) ;
#639 = ORIENTED_EDGE ( 'NONE', *, *, #495, .F. ) ;
#640 = DIRECTION ( 'NONE',  ( 1.000000000000000000, -0.000000000000000000, -0.000000000000000000 ) ) ;
#641 = LINE ( 'NONE', #400, #1463 ) ;
#642 = APPLICATION_PROTOCOL_DEFINITION ( 'international standard', 'config_control_design', 1994, #1081 ) ;
#643 = AXIS2_PLACEMENT_3D ( 'NONE', #1321, #1331, #1436 ) ;
#644 = DIRECTION ( 'NONE',  ( -1.000000000000000000, 0.000000000000000000, -0.000000000000000000 ) ) ;
#645 = ORIENTED_EDGE ( 'NONE', *, *, #101, .T. ) ;
#646 = EDGE_LOOP ( 'NONE', ( #856, #1299, #359, #1302, #1387, #1180, #404, #1423, #1243, #1290, #168, #23, #468, #1149, #262, #572, #1113, #464, #1276, #361 ) ) ;
#647 = LINE ( 'NONE', #1115, #1279 ) ;
#648 = EDGE_CURVE ( 'NONE', #629, #799, #896, .T. ) ;
#649 = LINE ( 'NONE', #1357, #281 ) ;
#650 = CARTESIAN_POINT ( 'NONE',  ( -8.849999999999999645, -2.600000000000000089, -2.530000000000001581 ) ) ;
#651 = FACE_OUTER_BOUND ( 'NONE', #226, .T. ) ;
#652 = VERTEX_POINT ( 'NONE', #302 ) ;
#653 = ORIENTED_EDGE ( 'NONE', *, *, #293, .T. ) ;
#654 = DIRECTION ( 'NONE',  ( -1.000000000000000000, -0.000000000000000000, -0.000000000000000000 ) ) ;
#655 = DIRECTION ( 'NONE',  ( 1.000000000000000000, 0.000000000000000000, 0.000000000000000000 ) ) ;
#656 = VECTOR ( 'NONE', #1002, 1000.000000000000000 ) ;
#657 = EDGE_CURVE ( 'NONE', #652, #507, #1105, .T. ) ;
#658 = CARTESIAN_POINT ( 'NONE',  ( -7.295000000000000817, -8.300000000000000711, 4.134999999999999787 ) ) ;
#659 = EDGE_LOOP ( 'NONE', ( #371, #1414, #1320, #1088 ) ) ;
#660 = ORIENTED_EDGE ( 'NONE', *, *, #638, .F. ) ;
#661 = LINE ( 'NONE', #1348, #170 ) ;
#662 = CARTESIAN_POINT ( 'NONE',  ( 8.800000000000000711, 0.000000000000000000, -6.150000000000000355 ) ) ;
#663 = PLANE ( 'NONE',  #194 ) ;
#664 = EDGE_CURVE ( 'NONE', #413, #334, #779, .T. ) ;
#665 = VECTOR ( 'NONE', #1135, 1000.000000000000000 ) ;
#666 = VERTEX_POINT ( 'NONE', #406 ) ;
#667 = AXIS2_PLACEMENT_3D ( 'NONE', #241, #116, #1042 ) ;
#668 = CARTESIAN_POINT ( 'NONE',  ( -6.099999999999998757, -2.600000000000000089, -5.280000000000001137 ) ) ;
#669 = DIRECTION ( 'NONE',  ( 0.000000000000000000, -1.000000000000000000, 0.000000000000000000 ) ) ;
#670 = CARTESIAN_POINT ( 'NONE',  ( 6.099999999999998757, -2.600000000000000089, -2.530000000000001581 ) ) ;
#671 = ORIENTED_EDGE ( 'NONE', *, *, #427, .T. ) ;
#672 = EDGE_CURVE ( 'NONE', #31, #891, #1341, .T. ) ;
#673 = EDGE_CURVE ( 'NONE', #1307, #369, #647, .T. ) ;
#674 = DIRECTION ( 'NONE',  ( 0.000000000000000000, 1.000000000000000000, 0.000000000000000000 ) ) ;
#675 = PLANE ( 'NONE',  #157 ) ;
#676 = VECTOR ( 'NONE', #355, 1000.000000000000000 ) ;
#677 = CARTESIAN_POINT ( 'NONE',  ( 8.849999999999999645, -2.600000000000000089, -2.530000000000001581 ) ) ;
#678 = ORIENTED_EDGE ( 'NONE', *, *, #774, .F. ) ;
#679 = AXIS2_PLACEMENT_3D ( 'NONE', #680, #207, #1039 ) ;
#680 = CARTESIAN_POINT ( 'NONE',  ( 0.000000000000000000, 0.000000000000000000, 0.000000000000000000 ) ) ;
#681 = ADVANCED_FACE ( 'NONE', ( #1258 ), #219, .T. ) ;
#682 = CARTESIAN_POINT ( 'NONE',  ( 8.849999999999999645, 0.000000000000000000, -2.530000000000001581 ) ) ;
#683 = DIRECTION ( 'NONE',  ( -0.000000000000000000, 0.000000000000000000, -1.000000000000000000 ) ) ;
#684 = ORIENTED_EDGE ( 'NONE', *, *, #1511, .F. ) ;
#685 = ORIENTED_EDGE ( 'NONE', *, *, #1229, .T. ) ;
#686 = DIRECTION ( 'NONE',  ( 0.000000000000000000, -1.000000000000000000, 0.000000000000000000 ) ) ;
#687 = VECTOR ( 'NONE', #909, 1000.000000000000000 ) ;
#688 = DIRECTION ( 'NONE',  ( 1.000000000000000000, 0.000000000000000000, 0.000000000000000000 ) ) ;
#689 = EDGE_CURVE ( 'NONE', #454, #666, #788, .T. ) ;
#690 = FACE_BOUND ( 'NONE', #233, .T. ) ;
#691 = ORIENTED_EDGE ( 'NONE', *, *, #1371, .F. ) ;
#692 = DIRECTION ( 'NONE',  ( 1.000000000000000000, 0.000000000000000000, 0.000000000000000000 ) ) ;
#693 = ORIENTED_EDGE ( 'NONE', *, *, #459, .T. ) ;
#694 = CARTESIAN_POINT ( 'NONE',  ( 8.849999999999999645, 0.000000000000000000, -2.530000000000001581 ) ) ;
#695 = CARTESIAN_POINT ( 'NONE',  ( 8.849999999999997868, 0.000000000000000000, -5.280000000000001137 ) ) ;
#696 = ADVANCED_FACE ( 'NONE', ( #1026 ), #1158, .F. ) ;
#697 = VECTOR ( 'NONE', #288, 1000.000000000000000 ) ;
#698 = ORIENTED_EDGE ( 'NONE', *, *, #1262, .F. ) ;
#699 = DIRECTION ( 'NONE',  ( -1.000000000000000000, 0.000000000000000000, -0.000000000000000000 ) ) ;
#700 = ORIENTED_EDGE ( 'NONE', *, *, #1337, .T. ) ;
#701 = DIRECTION ( 'NONE',  ( 0.000000000000000000, -0.000000000000000000, -1.000000000000000000 ) ) ;
#702 = LINE ( 'NONE', #1159, #676 ) ;
#703 = CARTESIAN_POINT ( 'NONE',  ( -8.800000000000002487, 1.600000000000000089, 6.150000000000000355 ) ) ;
#704 = VERTEX_POINT ( 'NONE', #1150 ) ;
#705 = FACE_OUTER_BOUND ( 'NONE', #185, .T. ) ;
#706 = ADVANCED_FACE ( 'NONE', ( #801 ), #1143, .F. ) ;
#707 = ORIENTED_EDGE ( 'NONE', *, *, #1103, .F. ) ;
#708 = CARTESIAN_POINT ( 'NONE',  ( -8.849999999999999645, 0.000000000000000000, -2.530000000000001581 ) ) ;
#709 = VECTOR ( 'NONE', #1126, 1000.000000000000000 ) ;
#710 = ORIENTED_EDGE ( 'NONE', *, *, #27, .T. ) ;
#711 = CARTESIAN_POINT ( 'NONE',  ( -7.945000000000000284, -8.300000000000000711, 3.485000000000000320 ) ) ;
#712 = APPROVAL_PERSON_ORGANIZATION ( #995, #75, #266 ) ;
#713 = DIRECTION ( 'NONE',  ( 1.000000000000000000, 0.000000000000000000, 0.000000000000000000 ) ) ;
#714 = DIRECTION ( 'NONE',  ( -0.000000000000000000, 1.000000000000000000, -0.000000000000000000 ) ) ;
#715 = ORIENTED_EDGE ( 'NONE', *, *, #1439, .F. ) ;
#716 = CARTESIAN_POINT ( 'NONE',  ( 7.294999999999999041, -2.600000000000000089, 3.484999999999999432 ) ) ;
#717 = ADVANCED_FACE ( 'NONE', ( #90 ), #112, .F. ) ;
#718 = LINE ( 'NONE', #733, #918 ) ;
#719 = PLANE ( 'NONE',  #1165 ) ;
#720 = DIRECTION ( 'NONE',  ( 0.000000000000000000, 0.000000000000000000, -1.000000000000000000 ) ) ;
#721 = FACE_OUTER_BOUND ( 'NONE', #1209, .T. ) ;
#722 = VERTEX_POINT ( 'NONE', #1500 ) ;
#723 = DIRECTION ( 'NONE',  ( 0.000000000000000000, 0.000000000000000000, 1.000000000000000000 ) ) ;
#724 = VECTOR ( 'NONE', #581, 1000.000000000000000 ) ;
#725 = CARTESIAN_POINT ( 'NONE',  ( 6.099999999999997868, -2.600000000000000089, 2.530000000000003357 ) ) ;
#726 = ADVANCED_FACE ( 'NONE', ( #587 ), #1397, .F. ) ;
#727 = DIRECTION ( 'NONE',  ( 2.668805347656624115E-15, 0.000000000000000000, -1.000000000000000000 ) ) ;
#728 = DIRECTION ( 'NONE',  ( 1.000000000000000000, 0.000000000000000000, -1.334402673828314029E-15 ) ) ;
#729 = LINE ( 'NONE', #243, #438 ) ;
#730 = ORIENTED_EDGE ( 'NONE', *, *, #862, .T. ) ;
#731 = CARTESIAN_POINT ( 'NONE',  ( -7.944999999999998508, -2.600000000000000089, -3.485000000000000320 ) ) ;
#732 = ORIENTED_EDGE ( 'NONE', *, *, #1461, .T. ) ;
#733 = CARTESIAN_POINT ( 'NONE',  ( 8.849999999999997868, 0.000000000000000000, -5.280000000000001137 ) ) ;
#734 = VECTOR ( 'NONE', #1003, 1000.000000000000000 ) ;
#735 = EDGE_CURVE ( 'NONE', #1507, #1177, #1053, .T. ) ;
#736 = CARTESIAN_POINT ( 'NONE',  ( -7.295000000000000817, -8.300000000000000711, -3.485000000000000320 ) ) ;
#737 = VECTOR ( 'NONE', #837, 1000.000000000000000 ) ;
#738 = ADVANCED_FACE ( 'NONE', ( #447 ), #1377, .T. ) ;
#739 = CARTESIAN_POINT ( 'NONE',  ( -8.849999999999999645, 0.000000000000000000, 5.279999999999999361 ) ) ;
#740 = ORIENTED_EDGE ( 'NONE', *, *, #1004, .T. ) ;
#741 = DIRECTION ( 'NONE',  ( 1.000000000000000000, 0.000000000000000000, 0.000000000000000000 ) ) ;
#742 = ORIENTED_EDGE ( 'NONE', *, *, #781, .F. ) ;
#743 = DIRECTION ( 'NONE',  ( -1.000000000000000000, -0.000000000000000000, -0.000000000000000000 ) ) ;
#744 = ORIENTED_EDGE ( 'NONE', *, *, #1489, .F. ) ;
#745 = CARTESIAN_POINT ( 'NONE',  ( 0.000000000000000000, 0.000000000000000000, 0.000000000000000000 ) ) ;
#746 = PLANE ( 'NONE',  #267 ) ;
#747 = ADVANCED_FACE ( 'NONE', ( #323 ), #560, .F. ) ;
#748 = ORIENTED_EDGE ( 'NONE', *, *, #1020, .F. ) ;
#749 = VECTOR ( 'NONE', #987, 1000.000000000000000 ) ;
#750 = ORIENTED_EDGE ( 'NONE', *, *, #367, .F. ) ;
#751 = LINE ( 'NONE', #55, #22 ) ;
#752 = CARTESIAN_POINT ( 'NONE',  ( -8.800000000000002487, 0.000000000000000000, -6.150000000000000355 ) ) ;
#753 = CARTESIAN_POINT ( 'NONE',  ( -7.944999999999998508, -8.300000000000000711, -3.485000000000000320 ) ) ;
#754 = ORIENTED_EDGE ( 'NONE', *, *, #348, .T. ) ;
#755 = PRODUCT_RELATED_PRODUCT_CATEGORY ( 'detail', '', ( #446 ) ) ;
#756 = ORIENTED_EDGE ( 'NONE', *, *, #1248, .F. ) ;
#757 = DIRECTION ( 'NONE',  ( -1.000000000000000000, 0.000000000000000000, -0.000000000000000000 ) ) ;
#758 = PLANE ( 'NONE',  #183 ) ;
#759 = CARTESIAN_POINT ( 'NONE',  ( 7.944999999999998508, -2.600000000000000089, 4.134999999999999787 ) ) ;
#760 = VECTOR ( 'NONE', #1249, 1000.000000000000000 ) ;
#761 = CARTESIAN_POINT ( 'NONE',  ( -8.849999999999999645, -2.600000000000000089, 5.279999999999999361 ) ) ;
#762 = EDGE_LOOP ( 'NONE', ( #460, #541, #1376, #379 ) ) ;
#763 = ORIENTED_EDGE ( 'NONE', *, *, #576, .T. ) ;
#764 = LINE ( 'NONE', #1484, #294 ) ;
#765 = ADVANCED_FACE ( 'NONE', ( #1383, #97 ), #573, .T. ) ;
#766 = VECTOR ( 'NONE', #1458, 1000.000000000000000 ) ;
#767 = CARTESIAN_POINT ( 'NONE',  ( 8.799999999999998934, 1.600000000000000089, 6.150000000000000355 ) ) ;
#768 = LINE ( 'NONE', #1234, #71 ) ;
#769 = DIRECTION ( 'NONE',  ( -1.000000000000000000, -0.000000000000000000, -0.000000000000000000 ) ) ;
#770 = ORIENTED_EDGE ( 'NONE', *, *, #1014, .F. ) ;
#771 = ORIENTED_EDGE ( 'NONE', *, *, #985, .T. ) ;
#772 = DIRECTION ( 'NONE',  ( -0.000000000000000000, -0.000000000000000000, 1.000000000000000000 ) ) ;
#773 = CARTESIAN_POINT ( 'NONE',  ( -8.849999999999997868, -2.600000000000000089, -5.280000000000001137 ) ) ;
#774 = EDGE_CURVE ( 'NONE', #798, #928, #794, .T. ) ;
#775 = VECTOR ( 'NONE', #174, 1000.000000000000000 ) ;
#776 = CARTESIAN_POINT ( 'NONE',  ( 8.800000000000000711, 1.600000000000000089, -6.150000000000000355 ) ) ;
#777 = AXIS2_PLACEMENT_3D ( 'NONE', #212, #686, #227 ) ;
#778 = ORIENTED_EDGE ( 'NONE', *, *, #462, .T. ) ;
#779 = LINE ( 'NONE', #1246, #766 ) ;
#780 = DIRECTION ( 'NONE',  ( -1.000000000000000000, -0.000000000000000000, -1.334402673828314029E-15 ) ) ;
#781 = EDGE_CURVE ( 'NONE', #1052, #68, #453, .T. ) ;
#782 = FACE_OUTER_BOUND ( 'NONE', #920, .T. ) ;
#783 = EDGE_CURVE ( 'NONE', #621, #607, #924, .T. ) ;
#784 = VECTOR ( 'NONE', #1024, 1000.000000000000000 ) ;
#785 = ORIENTED_EDGE ( 'NONE', *, *, #76, .F. ) ;
#786 = VECTOR ( 'NONE', #467, 1000.000000000000000 ) ;
#787 = AXIS2_PLACEMENT_3D ( 'NONE', #550, #1473, #757 ) ;
#788 = LINE ( 'NONE', #1033, #98 ) ;
#789 = FACE_OUTER_BOUND ( 'NONE', #1398, .T. ) ;
#790 = LINE ( 'NONE', #1154, #316 ) ;
#791 = ADVANCED_BREP_SHAPE_REPRESENTATION ( 'buck_converter', ( #1481, #988 ), #1449 ) ;
#792 = EDGE_LOOP ( 'NONE', ( #1457, #451, #1114, #948, #154 ) ) ;
#793 = EDGE_CURVE ( 'NONE', #595, #436, #806, .T. ) ;
#794 = LINE ( 'NONE', #1263, #687 ) ;
#795 = CARTESIAN_POINT ( 'NONE',  ( 8.800000000000000711, 0.000000000000000000, -6.150000000000000355 ) ) ;
#796 = AXIS2_PLACEMENT_3D ( 'NONE', #332, #440, #1391 ) ;
#797 = CARTESIAN_POINT ( 'NONE',  ( -8.800000000000002487, 0.000000000000000000, -5.280000000000001137 ) ) ;
#798 = VERTEX_POINT ( 'NONE', #580 ) ;
#799 = VERTEX_POINT ( 'NONE', #1045 ) ;
#800 = EDGE_CURVE ( 'NONE', #284, #637, #1198, .T. ) ;
#801 = FACE_OUTER_BOUND ( 'NONE', #646, .T. ) ;
#802 = PLANE ( 'NONE',  #632 ) ;
#803 = CARTESIAN_POINT ( 'NONE',  ( 8.849999999999996092, -2.600000000000000089, 5.280000000000002913 ) ) ;
#804 = ORIENTED_EDGE ( 'NONE', *, *, #1356, .F. ) ;
#805 = VECTOR ( 'NONE', #863, 1000.000000000000000 ) ;
#806 = LINE ( 'NONE', #902, #906 ) ;
#807 = VECTOR ( 'NONE', #584, 1000.000000000000000 ) ;
#808 = FACE_OUTER_BOUND ( 'NONE', #1076, .T. ) ;
#809 = ADVANCED_FACE ( 'NONE', ( #972 ), #360, .F. ) ;
#810 = FACE_OUTER_BOUND ( 'NONE', #875, .T. ) ;
#811 = AXIS2_PLACEMENT_3D ( 'NONE', #315, #674, #1162 ) ;
#812 = VERTEX_POINT ( 'NONE', #716 ) ;
#813 = CARTESIAN_POINT ( 'NONE',  ( -8.849999999999999645, 0.000000000000000000, 5.279999999999999361 ) ) ;
#814 = ORIENTED_EDGE ( 'NONE', *, *, #504, .T. ) ;
#815 = DIRECTION ( 'NONE',  ( 0.000000000000000000, 0.000000000000000000, 1.000000000000000000 ) ) ;
#816 = LINE ( 'NONE', #448, #1021 ) ;
#817 = ADVANCED_FACE ( 'NONE', ( #823 ), #1405, .T. ) ;
#818 = DIRECTION ( 'NONE',  ( -0.000000000000000000, 1.000000000000000000, -0.000000000000000000 ) ) ;
#819 = VECTOR ( 'NONE', #1046, 1000.000000000000000 ) ;
#820 = VERTEX_POINT ( 'NONE', #1323 ) ;
#821 = CARTESIAN_POINT ( 'NONE',  ( -6.099999999999998757, -2.600000000000000089, -2.530000000000001581 ) ) ;
#822 = ORIENTED_EDGE ( 'NONE', *, *, #1044, .F. ) ;
#823 = FACE_OUTER_BOUND ( 'NONE', #61, .T. ) ;
#824 = VECTOR ( 'NONE', #842, 1000.000000000000000 ) ;
#825 = ORIENTED_EDGE ( 'NONE', *, *, #399, .T. ) ;
#826 = LINE ( 'NONE', #795, #306 ) ;
#827 = CARTESIAN_POINT ( 'NONE',  ( -8.849999999999997868, 0.000000000000000000, -5.280000000000001137 ) ) ;
#828 = EDGE_CURVE ( 'NONE', #503, #1037, #1087, .T. ) ;
#829 = DIRECTION ( 'NONE',  ( 1.000000000000000000, 0.000000000000000000, -2.668805347656628059E-15 ) ) ;
#830 = EDGE_CURVE ( 'NONE', #20, #1205, #1438, .T. ) ;
#831 = ORIENTED_EDGE ( 'NONE', *, *, #783, .T. ) ;
#832 = DIRECTION ( 'NONE',  ( 1.000000000000000000, 0.000000000000000000, 6.308085367188391227E-16 ) ) ;
#833 = AXIS2_PLACEMENT_3D ( 'NONE', #353, #238, #957 ) ;
#834 = ORIENTED_EDGE ( 'NONE', *, *, #1085, .F. ) ;
#835 = LINE ( 'NONE', #41, #381 ) ;
#836 = DIRECTION ( 'NONE',  ( -0.000000000000000000, -0.000000000000000000, 1.000000000000000000 ) ) ;
#837 = DIRECTION ( 'NONE',  ( -0.000000000000000000, -0.000000000000000000, -1.000000000000000000 ) ) ;
#838 = DIRECTION ( 'NONE',  ( -0.000000000000000000, 1.000000000000000000, -0.000000000000000000 ) ) ;
#839 = ORIENTED_EDGE ( 'NONE', *, *, #1419, .T. ) ;
#840 = ADVANCED_FACE ( 'NONE', ( #136 ), #13, .F. ) ;
#841 = CARTESIAN_POINT ( 'NONE',  ( -7.945000000000000284, -8.300000000000000711, -4.134999999999999787 ) ) ;
#842 = DIRECTION ( 'NONE',  ( -0.000000000000000000, 1.000000000000000000, -0.000000000000000000 ) ) ;
#843 = CARTESIAN_POINT ( 'NONE',  ( 7.294999999999999041, -8.300000000000000711, -3.485000000000000320 ) ) ;
#844 = LINE ( 'NONE', #944, #1054 ) ;
#845 = LINE ( 'NONE', #813, #93 ) ;
#846 = ORIENTED_EDGE ( 'NONE', *, *, #303, .F. ) ;
#847 = CARTESIAN_POINT ( 'NONE',  ( -7.295000000000000817, -8.300000000000000711, -3.485000000000000320 ) ) ;
#848 = VECTOR ( 'NONE', #422, 1000.000000000000000 ) ;
#849 = EDGE_CURVE ( 'NONE', #1412, #1284, #271, .T. ) ;
#850 = ORIENTED_EDGE ( 'NONE', *, *, #631, .T. ) ;
#851 = CARTESIAN_POINT ( 'NONE',  ( 8.849999999999997868, -2.600000000000000089, -5.280000000000001137 ) ) ;
#852 = ADVANCED_FACE ( 'NONE', ( #377 ), #21, .F. ) ;
#853 = ORIENTED_EDGE ( 'NONE', *, *, #735, .F. ) ;
#854 = PERSON_AND_ORGANIZATION ( #525, #1372 ) ;
#855 = DIRECTION ( 'NONE',  ( 0.000000000000000000, 0.000000000000000000, -1.000000000000000000 ) ) ;
#856 = ORIENTED_EDGE ( 'NONE', *, *, #608, .F. ) ;
#857 = CARTESIAN_POINT ( 'NONE',  ( -6.099999999999998757, 0.000000000000000000, -5.280000000000001137 ) ) ;
#858 = EDGE_LOOP ( 'NONE', ( #602, #1063, #750, #1032 ) ) ;
#859 = CARTESIAN_POINT ( 'NONE',  ( -6.099999999999999645, 0.000000000000000000, 5.279999999999999361 ) ) ;
#860 = VECTOR ( 'NONE', #855, 1000.000000000000000 ) ;
#861 = EDGE_LOOP ( 'NONE', ( #1365, #1000, #1170, #1163 ) ) ;
#862 = EDGE_CURVE ( 'NONE', #637, #888, #121, .T. ) ;
#863 = DIRECTION ( 'NONE',  ( -0.000000000000000000, -0.000000000000000000, 1.000000000000000000 ) ) ;
#864 = ORIENTED_EDGE ( 'NONE', *, *, #657, .T. ) ;
#865 = CARTESIAN_POINT ( 'NONE',  ( -7.944999999999998508, -8.300000000000000711, -3.485000000000000320 ) ) ;
#866 = AXIS2_PLACEMENT_3D ( 'NONE', #1269, #461, #1512 ) ;
#867 = ORIENTED_EDGE ( 'NONE', *, *, #548, .T. ) ;
#868 = CARTESIAN_POINT ( 'NONE',  ( -7.944999999999998508, -2.600000000000000089, -3.485000000000000320 ) ) ;
#869 = DIRECTION ( 'NONE',  ( -0.000000000000000000, -1.000000000000000000, -0.000000000000000000 ) ) ;
#870 = DIRECTION ( 'NONE',  ( 0.000000000000000000, 0.000000000000000000, -1.000000000000000000 ) ) ;
#871 = EDGE_CURVE ( 'NONE', #598, #5, #596, .T. ) ;
#872 = LINE ( 'NONE', #36, #392 ) ;
#873 = ORIENTED_EDGE ( 'NONE', *, *, #1270, .T. ) ;
#874 = VECTOR ( 'NONE', #1312, 1000.000000000000000 ) ;
#875 = EDGE_LOOP ( 'NONE', ( #102, #1156, #1340, #120 ) ) ;
#876 = DIRECTION ( 'NONE',  ( -1.000000000000000000, 0.000000000000000000, 0.000000000000000000 ) ) ;
#877 = CARTESIAN_POINT ( 'NONE',  ( 7.944999999999998508, -8.300000000000000711, 4.134999999999999787 ) ) ;
#878 = DIRECTION ( 'NONE',  ( -1.000000000000000000, 0.000000000000000000, 6.308085367188391227E-16 ) ) ;
#879 = LINE ( 'NONE', #52, #805 ) ;
#880 = ORIENTED_EDGE ( 'NONE', *, *, #1471, .T. ) ;
#881 = EDGE_CURVE ( 'NONE', #171, #1437, #1182, .T. ) ;
#882 = ORIENTED_EDGE ( 'NONE', *, *, #1388, .T. ) ;
#883 = CARTESIAN_POINT ( 'NONE',  ( -7.294999999999999041, -2.600000000000000089, -4.134999999999999787 ) ) ;
#884 = DIRECTION ( 'NONE',  ( 0.000000000000000000, -1.000000000000000000, 0.000000000000000000 ) ) ;
#885 = PERSON_AND_ORGANIZATION_ROLE ( 'design_owner' ) ;
#886 = AXIS2_PLACEMENT_3D ( 'NONE', #949, #832, #1293 ) ;
#887 = DIRECTION ( 'NONE',  ( 1.000000000000000000, 0.000000000000000000, 0.000000000000000000 ) ) ;
#888 = VERTEX_POINT ( 'NONE', #630 ) ;
#889 = VECTOR ( 'NONE', #555, 1000.000000000000000 ) ;
#890 = EDGE_CURVE ( 'NONE', #264, #489, #1189, .T. ) ;
#891 = VERTEX_POINT ( 'NONE', #370 ) ;
#892 = LINE ( 'NONE', #1019, #1374 ) ;
#893 = CARTESIAN_POINT ( 'NONE',  ( 8.849999999999996092, -2.600000000000000089, 5.280000000000002913 ) ) ;
#894 = DIRECTION ( 'NONE',  ( -0.000000000000000000, 1.000000000000000000, -0.000000000000000000 ) ) ;
#895 = ORIENTED_EDGE ( 'NONE', *, *, #1485, .T. ) ;
#896 = LINE ( 'NONE', #1361, #200 ) ;
#897 = VECTOR ( 'NONE', #528, 1000.000000000000000 ) ;
#898 = CARTESIAN_POINT ( 'NONE',  ( -7.945000000000000284, -2.600000000000000089, -4.134999999999999787 ) ) ;
#899 = EDGE_CURVE ( 'NONE', #928, #1520, #1095, .T. ) ;
#900 = FACE_OUTER_BOUND ( 'NONE', #417, .T. ) ;
#901 = ORIENTED_EDGE ( 'NONE', *, *, #576, .F. ) ;
#902 = CARTESIAN_POINT ( 'NONE',  ( 8.849999999999997868, -2.600000000000000089, -5.280000000000001137 ) ) ;
#903 = DIRECTION ( 'NONE',  ( 1.410344289412038226E-16, -0.000000000000000000, -1.000000000000000000 ) ) ;
#904 = EDGE_CURVE ( 'NONE', #145, #914, #497, .T. ) ;
#905 = DIRECTION ( 'NONE',  ( -1.000000000000000000, 0.000000000000000000, -0.000000000000000000 ) ) ;
#906 = VECTOR ( 'NONE', #1275, 1000.000000000000000 ) ;
#907 = ORIENTED_EDGE ( 'NONE', *, *, #1055, .F. ) ;
#908 = VECTOR ( 'NONE', #1295, 1000.000000000000000 ) ;
#909 = DIRECTION ( 'NONE',  ( -0.000000000000000000, -1.000000000000000000, -0.000000000000000000 ) ) ;
#910 = FACE_OUTER_BOUND ( 'NONE', #861, .T. ) ;
#911 = APPROVAL_STATUS ( 'not_yet_approved' ) ;
#912 = CARTESIAN_POINT ( 'NONE',  ( 8.799999999999998934, 0.000000000000000000, 6.150000000000000355 ) ) ;
#913 = ADVANCED_FACE ( 'NONE', ( #4 ), #965, .F. ) ;
#914 = VERTEX_POINT ( 'NONE', #261 ) ;
#915 = VERTEX_POINT ( 'NONE', #731 ) ;
#916 = DIRECTION ( 'NONE',  ( -1.000000000000000000, 0.000000000000000000, -0.000000000000000000 ) ) ;
#917 = DIRECTION ( 'NONE',  ( 1.000000000000000000, 0.000000000000000000, -1.334402673828314029E-15 ) ) ;
#918 = VECTOR ( 'NONE', #1192, 1000.000000000000000 ) ;
#919 = DIRECTION ( 'NONE',  ( 0.000000000000000000, -1.000000000000000000, -0.000000000000000000 ) ) ;
#920 = EDGE_LOOP ( 'NONE', ( #814, #444, #211, #1093, #458, #678, #1396, #476 ) ) ;
#921 = ORIENTED_EDGE ( 'NONE', *, *, #1400, .T. ) ;
#922 = ADVANCED_FACE ( 'NONE', ( #1206 ), #146, .F. ) ;
#923 = VECTOR ( 'NONE', #344, 1000.000000000000000 ) ;
#924 = LINE ( 'NONE', #1389, #1273 ) ;
#925 = ORIENTED_EDGE ( 'NONE', *, *, #452, .T. ) ;
#926 = CARTESIAN_POINT ( 'NONE',  ( -6.099999999999999645, -2.600000000000000089, 5.279999999999999361 ) ) ;
#927 = CARTESIAN_POINT ( 'NONE',  ( 8.849999999999996092, -2.600000000000000089, 5.280000000000002913 ) ) ;
#928 = VERTEX_POINT ( 'NONE', #514 ) ;
#929 = VECTOR ( 'NONE', #410, 1000.000000000000000 ) ;
#930 = ORIENTED_EDGE ( 'NONE', *, *, #974, .T. ) ;
#931 = CARTESIAN_POINT ( 'NONE',  ( 6.099999999999998757, -2.600000000000000089, -5.280000000000001137 ) ) ;
#932 = VECTOR ( 'NONE', #818, 1000.000000000000000 ) ;
#933 = ADVANCED_FACE ( 'NONE', ( #38 ), #396, .F. ) ;
#934 = FACE_OUTER_BOUND ( 'NONE', #135, .T. ) ;
#935 = DIRECTION ( 'NONE',  ( 1.000000000000000000, -0.000000000000000000, -0.000000000000000000 ) ) ;
#936 = ORIENTED_EDGE ( 'NONE', *, *, #190, .T. ) ;
#937 = LINE ( 'NONE', #18, #1107 ) ;
#938 = ORIENTED_EDGE ( 'NONE', *, *, #293, .F. ) ;
#939 = DIRECTION ( 'NONE',  ( 0.000000000000000000, 0.000000000000000000, -1.000000000000000000 ) ) ;
#940 = ORIENTED_EDGE ( 'NONE', *, *, #689, .F. ) ;
#941 = DIRECTION ( 'NONE',  ( -1.000000000000000000, 0.000000000000000000, 0.000000000000000000 ) ) ;
#942 = EDGE_CURVE ( 'NONE', #1018, #1507, #1291, .T. ) ;
#943 = EDGE_CURVE ( 'NONE', #613, #1326, #937, .T. ) ;
#944 = CARTESIAN_POINT ( 'NONE',  ( -8.849999999999997868, -2.600000000000000089, -5.280000000000001137 ) ) ;
#945 = VECTOR ( 'NONE', #221, 1000.000000000000000 ) ;
#946 = ORIENTED_EDGE ( 'NONE', *, *, #774, .T. ) ;
#947 = CARTESIAN_POINT ( 'NONE',  ( -8.849999999999999645, -2.600000000000000089, 2.529999999999999805 ) ) ;
#948 = ORIENTED_EDGE ( 'NONE', *, *, #265, .F. ) ;
#949 = CARTESIAN_POINT ( 'NONE',  ( -8.849999999999997868, -2.600000000000000089, -5.280000000000001137 ) ) ;
#950 = DIRECTION ( 'NONE',  ( -0.000000000000000000, 1.000000000000000000, -0.000000000000000000 ) ) ;
#951 = EDGE_LOOP ( 'NONE', ( #754, #1141, #244, #137 ) ) ;
#953 = DIRECTION ( 'NONE',  ( -0.000000000000000000, 1.000000000000000000, -0.000000000000000000 ) ) ;
#952 = CC_DESIGN_SECURITY_CLASSIFICATION ( #1129, ( #1394 ) ) ;
#954 = ADVANCED_FACE ( 'NONE', ( #1283 ), #594, .F. ) ;
#955 = CARTESIAN_POINT ( 'NONE',  ( -7.294999999999999041, -8.300000000000000711, -4.134999999999999787 ) ) ;
#956 = ORIENTED_EDGE ( 'NONE', *, *, #1419, .F. ) ;
#957 = DIRECTION ( 'NONE',  ( 0.000000000000000000, 0.000000000000000000, -1.000000000000000000 ) ) ;
#958 = VECTOR ( 'NONE', #838, 1000.000000000000000 ) ;
#959 = CARTESIAN_POINT ( 'NONE',  ( 8.849999999999997868, 0.000000000000000000, -5.280000000000001137 ) ) ;
#960 = DIRECTION ( 'NONE',  ( 1.334402673828314029E-15, 0.000000000000000000, -1.000000000000000000 ) ) ;
#961 = DIRECTION ( 'NONE',  ( -1.261617073437678245E-15, 0.000000000000000000, 1.000000000000000000 ) ) ;
#962 = DIRECTION ( 'NONE',  ( 0.000000000000000000, 0.000000000000000000, 1.000000000000000000 ) ) ;
#963 = EDGE_CURVE ( 'NONE', #127, #252, #729, .T. ) ;
#964 = ORIENTED_EDGE ( 'NONE', *, *, #904, .F. ) ;
#965 = PLANE ( 'NONE',  #240 ) ;
#966 = ORIENTED_EDGE ( 'NONE', *, *, #1485, .F. ) ;
#967 = DIRECTION ( 'NONE',  ( -0.000000000000000000, 0.000000000000000000, 1.000000000000000000 ) ) ;
#968 = ORIENTED_EDGE ( 'NONE', *, *, #1213, .F. ) ;
#969 = DATE_AND_TIME ( #383, #46 ) ;
#970 = CARTESIAN_POINT ( 'NONE',  ( 6.099999999999997868, -2.600000000000000089, 5.280000000000002913 ) ) ;
#971 = VERTEX_POINT ( 'NONE', #1178 ) ;
#972 = FACE_OUTER_BOUND ( 'NONE', #74, .T. ) ;
#973 = VECTOR ( 'NONE', #202, 1000.000000000000000 ) ;
#974 = EDGE_CURVE ( 'NONE', #489, #1006, #845, .T. ) ;
#975 = ORIENTED_EDGE ( 'NONE', *, *, #222, .T. ) ;
#976 = DIRECTION ( 'NONE',  ( -0.000000000000000000, 0.000000000000000000, 1.000000000000000000 ) ) ;
#977 = CARTESIAN_POINT ( 'NONE',  ( 8.849999999999999645, -2.600000000000000089, -2.530000000000001581 ) ) ;
#978 = CARTESIAN_POINT ( 'NONE',  ( 7.294999999999999041, -2.600000000000000089, 4.134999999999998899 ) ) ;
#979 = FACE_OUTER_BOUND ( 'NONE', #1096, .T. ) ;
#980 = APPROVAL_PERSON_ORGANIZATION ( #305, #1169, #1488 ) ;
#981 = ORIENTED_EDGE ( 'NONE', *, *, #1248, .T. ) ;
#982 = DIRECTION ( 'NONE',  ( 0.000000000000000000, 0.000000000000000000, -1.000000000000000000 ) ) ;
#983 = ORIENTED_EDGE ( 'NONE', *, *, #942, .T. ) ;
#984 = LINE ( 'NONE', #851, #256 ) ;
#985 = EDGE_CURVE ( 'NONE', #145, #971, #225, .T. ) ;
#986 = VECTOR ( 'NONE', #1490, 1000.000000000000000 ) ;
#987 = DIRECTION ( 'NONE',  ( 1.000000000000000000, 0.000000000000000000, 0.000000000000000000 ) ) ;
#988 = AXIS2_PLACEMENT_3D ( 'NONE', #745, #1351, #391 ) ;
#989 = PERSON_AND_ORGANIZATION ( #525, #1372 ) ;
#990 = CARTESIAN_POINT ( 'NONE',  ( -6.099999999999998757, -2.600000000000000089, -5.280000000000001137 ) ) ;
#991 = EDGE_LOOP ( 'NONE', ( #1282, #825, #280, #1188, #28 ) ) ;
#992 = ORIENTED_EDGE ( 'NONE', *, *, #1137, .T. ) ;
#993 = CARTESIAN_POINT ( 'NONE',  ( -6.099999999999999645, 0.000000000000000000, 5.279999999999999361 ) ) ;
#994 = DIRECTION ( 'NONE',  ( -0.000000000000000000, -0.000000000000000000, 1.000000000000000000 ) ) ;
#995 = PERSON_AND_ORGANIZATION ( #525, #1372 ) ;
#996 = ADVANCED_FACE ( 'NONE', ( #705 ), #1187, .F. ) ;
#997 = FACE_OUTER_BOUND ( 'NONE', #237, .T. ) ;
#998 = ORIENTED_EDGE ( 'NONE', *, *, #828, .F. ) ;
#999 = VECTOR ( 'NONE', #626, 1000.000000000000000 ) ;
#1000 = ORIENTED_EDGE ( 'NONE', *, *, #554, .F. ) ;
#1001 = CARTESIAN_POINT ( 'NONE',  ( -8.849999999999999645, -2.600000000000000089, 5.279999999999999361 ) ) ;
#1002 = DIRECTION ( 'NONE',  ( 0.000000000000000000, 0.000000000000000000, -1.000000000000000000 ) ) ;
#1003 = DIRECTION ( 'NONE',  ( -1.000000000000000000, -0.000000000000000000, -0.000000000000000000 ) ) ;
#1004 = EDGE_CURVE ( 'NONE', #68, #1267, #109, .T. ) ;
#1005 = VERTEX_POINT ( 'NONE', #126 ) ;
#1006 = VERTEX_POINT ( 'NONE', #1519 ) ;
#1007 = DIRECTION ( 'NONE',  ( -0.000000000000000000, 1.000000000000000000, -0.000000000000000000 ) ) ;
#1008 = DIRECTION ( 'NONE',  ( -0.000000000000000000, 1.000000000000000000, -0.000000000000000000 ) ) ;
#1009 = AXIS2_PLACEMENT_3D ( 'NONE', #841, #1070, #741 ) ;
#1010 = VECTOR ( 'NONE', #609, 1000.000000000000000 ) ;
#1011 = LINE ( 'NONE', #670, #1109 ) ;
#1012 = ORIENTED_EDGE ( 'NONE', *, *, #348, .F. ) ;
#1013 = CC_DESIGN_PERSON_AND_ORGANIZATION_ASSIGNMENT ( #989, #1110, ( #1394 ) ) ;
#1014 = EDGE_CURVE ( 'NONE', #1037, #1052, #134, .T. ) ;
#1015 = DIRECTION ( 'NONE',  ( 1.000000000000000000, 0.000000000000000000, 0.000000000000000000 ) ) ;
#1016 = CARTESIAN_POINT ( 'NONE',  ( -7.945000000000000284, -8.300000000000000711, -4.134999999999999787 ) ) ;
#1017 = LINE ( 'NONE', #485, #908 ) ;
#1018 = VERTEX_POINT ( 'NONE', #821 ) ;
#1019 = CARTESIAN_POINT ( 'NONE',  ( -8.849999999999999645, -2.600000000000000089, 2.529999999999999805 ) ) ;
#1020 = EDGE_CURVE ( 'NONE', #20, #53, #477, .T. ) ;
#1021 = VECTOR ( 'NONE', #590, 1000.000000000000000 ) ;
#1022 = CARTESIAN_POINT ( 'NONE',  ( -8.800000000000002487, 0.000000000000000000, 6.150000000000000355 ) ) ;
#1023 = DATE_TIME_ROLE ( 'classification_date' ) ;
#1024 = DIRECTION ( 'NONE',  ( 1.000000000000000000, -0.000000000000000000, -0.000000000000000000 ) ) ;
#1025 = ORIENTED_EDGE ( 'NONE', *, *, #1106, .T. ) ;
#1026 = FACE_OUTER_BOUND ( 'NONE', #1510, .T. ) ;
#1027 = LINE ( 'NONE', #1286, #945 ) ;
#1028 = CC_DESIGN_DATE_AND_TIME_ASSIGNMENT ( #79, #1023, ( #1129 ) ) ;
#1029 = LINE ( 'NONE', #776, #1420 ) ;
#1030 = VECTOR ( 'NONE', #723, 1000.000000000000000 ) ;
#1031 = VERTEX_POINT ( 'NONE', #947 ) ;
#1032 = ORIENTED_EDGE ( 'NONE', *, *, #483, .F. ) ;
#1033 = CARTESIAN_POINT ( 'NONE',  ( -8.800000000000002487, 1.600000000000000089, -6.150000000000000355 ) ) ;
#1034 = DIRECTION ( 'NONE',  ( 0.000000000000000000, 0.000000000000000000, -1.000000000000000000 ) ) ;
#1035 = DIRECTION ( 'NONE',  ( -1.000000000000000000, 0.000000000000000000, 0.000000000000000000 ) ) ;
#1036 = EDGE_CURVE ( 'NONE', #888, #1177, #11, .T. ) ;
#1037 = VERTEX_POINT ( 'NONE', #1411 ) ;
#1038 = EDGE_LOOP ( 'NONE', ( #376, #1, #1061, #204 ) ) ;
#1039 = DIRECTION ( 'NONE',  ( 0.000000000000000000, -0.000000000000000000, -1.000000000000000000 ) ) ;
#1040 = DIRECTION ( 'NONE',  ( -0.000000000000000000, -0.000000000000000000, -1.000000000000000000 ) ) ;
#1041 = AXIS2_PLACEMENT_3D ( 'NONE', #711, #976, #482 ) ;
#1042 = DIRECTION ( 'NONE',  ( -0.000000000000000000, 0.000000000000000000, 1.000000000000000000 ) ) ;
#1043 = EDGE_LOOP ( 'NONE', ( #314, #1452, #352, #163 ) ) ;
#1044 = EDGE_CURVE ( 'NONE', #1102, #1006, #1084, .T. ) ;
#1045 = CARTESIAN_POINT ( 'NONE',  ( 8.849999999999999645, -2.600000000000000089, 2.530000000000003357 ) ) ;
#1046 = DIRECTION ( 'NONE',  ( 1.000000000000000000, -0.000000000000000000, -0.000000000000000000 ) ) ;
#1047 = DIRECTION ( 'NONE',  ( -1.000000000000000000, 0.000000000000000000, 0.000000000000000000 ) ) ;
#1048 = VERTEX_POINT ( 'NONE', #342 ) ;
#1049 = DIRECTION ( 'NONE',  ( -2.668805347656628059E-15, 0.000000000000000000, -1.000000000000000000 ) ) ;
#1050 = VECTOR ( 'NONE', #939, 1000.000000000000000 ) ;
#1051 = CC_DESIGN_PERSON_AND_ORGANIZATION_ASSIGNMENT ( #530, #1460, ( #1394 ) ) ;
#1052 = VERTEX_POINT ( 'NONE', #486 ) ;
#1053 = LINE ( 'NONE', #1521, #923 ) ;
#1054 = VECTOR ( 'NONE', #223, 1000.000000000000000 ) ;
#1055 = EDGE_CURVE ( 'NONE', #171, #621, #502, .T. ) ;
#1056 = ORIENTED_EDGE ( 'NONE', *, *, #597, .F. ) ;
#1057 = PLANE ( 'NONE',  #1195 ) ;
#1058 = LINE ( 'NONE', #258, #1517 ) ;
#1059 = EDGE_LOOP ( 'NONE', ( #278, #270, #1191, #700 ) ) ;
#1060 = DIRECTION ( 'NONE',  ( 1.000000000000000000, 0.000000000000000000, 0.000000000000000000 ) ) ;
#1061 = ORIENTED_EDGE ( 'NONE', *, *, #206, .F. ) ;
#1062 = CARTESIAN_POINT ( 'NONE',  ( -8.800000000000002487, 0.000000000000000000, -6.150000000000000355 ) ) ;
#1063 = ORIENTED_EDGE ( 'NONE', *, *, #1319, .F. ) ;
#1064 = PLANE ( 'NONE',  #480 ) ;
#1065 = ADVANCED_FACE ( 'NONE', ( #1418 ), #366, .F. ) ;
#1066 = LINE ( 'NONE', #231, #591 ) ;
#1067 = VECTOR ( 'NONE', #994, 1000.000000000000000 ) ;
#1068 = DIRECTION ( 'NONE',  ( -0.000000000000000000, 1.000000000000000000, -0.000000000000000000 ) ) ;
#1069 = ORIENTED_EDGE ( 'NONE', *, *, #783, .F. ) ;
#1070 = DIRECTION ( 'NONE',  ( -0.000000000000000000, 0.000000000000000000, 1.000000000000000000 ) ) ;
#1071 = CARTESIAN_POINT ( 'NONE',  ( -6.099999999999999645, -2.600000000000000089, 2.529999999999999805 ) ) ;
#1072 = ADVANCED_FACE ( 'NONE', ( #721 ), #1075, .F. ) ;
#1073 = CARTESIAN_POINT ( 'NONE',  ( 7.944999999999998508, -2.600000000000000089, 4.134999999999999787 ) ) ;
#1074 = FACE_OUTER_BOUND ( 'NONE', #420, .T. ) ;
#1075 = PLANE ( 'NONE',  #1298 ) ;
#1076 = EDGE_LOOP ( 'NONE', ( #472, #834, #1056, #660 ) ) ;
#1077 = CARTESIAN_POINT ( 'NONE',  ( 6.099999999999997868, 0.000000000000000000, 5.280000000000002913 ) ) ;
#1078 = VECTOR ( 'NONE', #1422, 1000.000000000000000 ) ;
#1079 = ORIENTED_EDGE ( 'NONE', *, *, #1382, .T. ) ;
#1080 = CARTESIAN_POINT ( 'NONE',  ( 8.849999999999999645, -2.600000000000000089, 2.530000000000003357 ) ) ;
#1081 = APPLICATION_CONTEXT ( 'configuration controlled 3d designs of mechanical parts and assemblies' ) ;
#1082 = DIRECTION ( 'NONE',  ( 1.000000000000000000, -0.000000000000000000, -0.000000000000000000 ) ) ;
#1083 = COORDINATED_UNIVERSAL_TIME_OFFSET ( 5, 0, .BEHIND. ) ;
#1084 = LINE ( 'NONE', #358, #1370 ) ;
#1085 = EDGE_CURVE ( 'NONE', #1292, #888, #375, .T. ) ;
#1086 = EDGE_LOOP ( 'NONE', ( #740, #968, #1245, #1128 ) ) ;
#1087 = LINE ( 'NONE', #386, #169 ) ;
#1088 = ORIENTED_EDGE ( 'NONE', *, *, #162, .T. ) ;
#1089 = DIRECTION ( 'NONE',  ( 0.000000000000000000, -0.000000000000000000, -1.000000000000000000 ) ) ;
#1090 = ORIENTED_EDGE ( 'NONE', *, *, #963, .F. ) ;
#1091 = PERSON_AND_ORGANIZATION_ROLE ( 'creator' ) ;
#1092 = CARTESIAN_POINT ( 'NONE',  ( -7.945000000000000284, -8.300000000000000711, 4.134999999999999787 ) ) ;
#1093 = ORIENTED_EDGE ( 'NONE', *, *, #1319, .T. ) ;
#1094 = EDGE_CURVE ( 'NONE', #583, #284, #1214, .T. ) ;
#1095 = LINE ( 'NONE', #1308, #1179 ) ;
#1096 = EDGE_LOOP ( 'NONE', ( #921, #936, #309, #839 ) ) ;
#1097 = DIRECTION ( 'NONE',  ( -1.000000000000000000, -0.000000000000000000, -1.334402673828314029E-15 ) ) ;
#1098 = AXIS2_PLACEMENT_3D ( 'NONE', #931, #103, #83 ) ;
#1099 = VERTEX_POINT ( 'NONE', #545 ) ;
#1100 = CALENDAR_DATE ( 2026, 1, 9 ) ;
#1101 = LINE ( 'NONE', #753, #142 ) ;
#1102 = VERTEX_POINT ( 'NONE', #761 ) ;
#1103 = EDGE_CURVE ( 'NONE', #1099, #503, #872, .T. ) ;
#1104 = VERTEX_POINT ( 'NONE', #511 ) ;
#1105 = LINE ( 'NONE', #993, #625 ) ;
#1106 = EDGE_CURVE ( 'NONE', #503, #613, #879, .T. ) ;
#1107 = VECTOR ( 'NONE', #259, 1000.000000000000000 ) ;
#1108 = CARTESIAN_POINT ( 'NONE',  ( -8.849999999999999645, -2.600000000000000089, 5.279999999999999361 ) ) ;
#1109 = VECTOR ( 'NONE', #1502, 1000.000000000000000 ) ;
#1110 = PERSON_AND_ORGANIZATION_ROLE ( 'creator' ) ;
#1111 = DIRECTION ( 'NONE',  ( 1.000000000000000000, 0.000000000000000000, 0.000000000000000000 ) ) ;
#1112 = DESIGN_CONTEXT ( 'detailed design', #1168, 'design' ) ;
#1113 = ORIENTED_EDGE ( 'NONE', *, *, #399, .F. ) ;
#1114 = ORIENTED_EDGE ( 'NONE', *, *, #793, .F. ) ;
#1115 = CARTESIAN_POINT ( 'NONE',  ( 8.849999999999996092, 0.000000000000000000, 5.280000000000002913 ) ) ;
#1116 = LINE ( 'NONE', #1467, #1120 ) ;
#1117 = ADVANCED_FACE ( 'NONE', ( #1336 ), #1344, .F. ) ;
#1118 = DIRECTION ( 'NONE',  ( 1.000000000000000000, 0.000000000000000000, 0.000000000000000000 ) ) ;
#1119 = ORIENTED_EDGE ( 'NONE', *, *, #881, .T. ) ;
#1120 = VECTOR ( 'NONE', #655, 1000.000000000000000 ) ;
#1121 = EDGE_LOOP ( 'NONE', ( #1504, #804, #1491, #685 ) ) ;
#1122 = FACE_OUTER_BOUND ( 'NONE', #1038, .T. ) ;
#1123 = LINE ( 'NONE', #551, #329 ) ;
#1124 = PERSON_AND_ORGANIZATION_ROLE ( 'classification_officer' ) ;
#1125 = EDGE_CURVE ( 'NONE', #108, #704, #276, .T. ) ;
#1126 = DIRECTION ( 'NONE',  ( -0.000000000000000000, 1.000000000000000000, -0.000000000000000000 ) ) ;
#1127 = ADVANCED_FACE ( 'NONE', ( #651 ), #1220, .F. ) ;
#1128 = ORIENTED_EDGE ( 'NONE', *, *, #1356, .T. ) ;
#1129 = SECURITY_CLASSIFICATION ( '', '', #65 ) ;
#1130 = CARTESIAN_POINT ( 'NONE',  ( -7.295000000000000817, -2.600000000000000089, 4.134999999999999787 ) ) ;
#1131 = LINE ( 'NONE', #1022, #1435 ) ;
#1132 = COORDINATED_UNIVERSAL_TIME_OFFSET ( 5, 0, .BEHIND. ) ;
#1133 = VECTOR ( 'NONE', #1196, 1000.000000000000000 ) ;
#1134 = VECTOR ( 'NONE', #713, 1000.000000000000000 ) ;
#1135 = DIRECTION ( 'NONE',  ( -0.000000000000000000, 1.000000000000000000, -0.000000000000000000 ) ) ;
#1136 = ORIENTED_EDGE ( 'NONE', *, *, #58, .T. ) ;
#1137 = EDGE_CURVE ( 'NONE', #507, #489, #531, .T. ) ;
#1138 = LINE ( 'NONE', #534, #368 ) ;
#1139 = FACE_OUTER_BOUND ( 'NONE', #249, .T. ) ;
#1140 = PLANE ( 'NONE',  #1324 ) ;
#1141 = ORIENTED_EDGE ( 'NONE', *, *, #222, .F. ) ;
#1142 = EDGE_CURVE ( 'NONE', #1006, #1048, #384, .T. ) ;
#1143 = PLANE ( 'NONE',  #866 ) ;
#1144 = AXIS2_PLACEMENT_3D ( 'NONE', #1200, #599, #1089 ) ;
#1145 = DIRECTION ( 'NONE',  ( -0.000000000000000000, 1.000000000000000000, -0.000000000000000000 ) ) ;
#1146 = DATE_AND_TIME ( #1406, #457 ) ;
#1147 = PLANE ( 'NONE',  #45 ) ;
#1148 = ORIENTED_EDGE ( 'NONE', *, *, #122, .F. ) ;
#1149 = ORIENTED_EDGE ( 'NONE', *, *, #151, .F. ) ;
#1150 = CARTESIAN_POINT ( 'NONE',  ( 7.944999999999998508, -2.600000000000000089, 3.484999999999998543 ) ) ;
#1151 = AXIS2_PLACEMENT_3D ( 'NONE', #335, #1492, #916 ) ;
#1152 = CARTESIAN_POINT ( 'NONE',  ( -6.099999999999998757, 0.000000000000000000, -5.280000000000001137 ) ) ;
#1153 = EDGE_CURVE ( 'NONE', #1205, #524, #43, .T. ) ;
#1154 = CARTESIAN_POINT ( 'NONE',  ( -7.944999999999998508, -8.300000000000000711, -3.485000000000000320 ) ) ;
#1155 = VECTOR ( 'NONE', #1216, 1000.000000000000000 ) ;
#1156 = ORIENTED_EDGE ( 'NONE', *, *, #378, .F. ) ;
#1157 = ORIENTED_EDGE ( 'NONE', *, *, #1400, .F. ) ;
#1158 = PLANE ( 'NONE',  #1524 ) ;
#1159 = CARTESIAN_POINT ( 'NONE',  ( 8.849999999999997868, -2.600000000000000089, -5.280000000000001137 ) ) ;
#1160 = FACE_OUTER_BOUND ( 'NONE', #762, .T. ) ;
#1161 = ORIENTED_EDGE ( 'NONE', *, *, #1213, .T. ) ;
#1162 = DIRECTION ( 'NONE',  ( 0.000000000000000000, -0.000000000000000000, 1.000000000000000000 ) ) ;
#1163 = ORIENTED_EDGE ( 'NONE', *, *, #974, .F. ) ;
#1164 = CARTESIAN_POINT ( 'NONE',  ( 8.799999999999998934, 0.000000000000000000, 5.280000000000002913 ) ) ;
#1165 = AXIS2_PLACEMENT_3D ( 'NONE', #1193, #960, #132 ) ;
#1166 = VECTOR ( 'NONE', #1145, 1000.000000000000000 ) ;
#1167 = DIRECTION ( 'NONE',  ( -2.668805347656628059E-15, 0.000000000000000000, -1.000000000000000000 ) ) ;
#1168 = APPLICATION_CONTEXT ( 'configuration controlled 3d designs of mechanical parts and assemblies' ) ;
#1169 = APPROVAL ( #911, 'UNSPECIFIED' ) ;
#1170 = ORIENTED_EDGE ( 'NONE', *, *, #1142, .F. ) ;
#1171 = CARTESIAN_POINT ( 'NONE',  ( 7.294999999999999041, -8.300000000000000711, 4.134999999999998899 ) ) ;
#1172 = EDGE_CURVE ( 'NONE', #1437, #722, #1101, .T. ) ;
#1173 = VERTEX_POINT ( 'NONE', #59 ) ;
#1174 = DIRECTION ( 'NONE',  ( -1.000000000000000000, -0.000000000000000000, -0.000000000000000000 ) ) ;
#1175 = DIRECTION ( 'NONE',  ( 0.000000000000000000, -0.000000000000000000, -1.000000000000000000 ) ) ;
#1176 = LINE ( 'NONE', #356, #932 ) ;
#1177 = VERTEX_POINT ( 'NONE', #1236 ) ;
#1178 = CARTESIAN_POINT ( 'NONE',  ( 7.294999999999999041, -2.600000000000000089, 4.134999999999998899 ) ) ;
#1179 = VECTOR ( 'NONE', #471, 1000.000000000000000 ) ;
#1180 = ORIENTED_EDGE ( 'NONE', *, *, #657, .F. ) ;
#1181 = ADVANCED_FACE ( 'NONE', ( #167 ), #746, .F. ) ;
#1182 = LINE ( 'NONE', #847, #337 ) ;
#1183 = AXIS2_PLACEMENT_3D ( 'NONE', #1001, #1015, #1225 ) ;
#1184 = ORIENTED_EDGE ( 'NONE', *, *, #562, .T. ) ;
#1185 = DIRECTION ( 'NONE',  ( 0.000000000000000000, 0.000000000000000000, 1.000000000000000000 ) ) ;
#1186 = LINE ( 'NONE', #695, #439 ) ;
#1187 = PLANE ( 'NONE',  #1474 ) ;
#1188 = ORIENTED_EDGE ( 'NONE', *, *, #474, .F. ) ;
#1189 = LINE ( 'NONE', #1062, #1030 ) ;
#1190 = ADVANCED_FACE ( 'NONE', ( #628 ), #636, .F. ) ;
#1191 = ORIENTED_EDGE ( 'NONE', *, *, #285, .F. ) ;
#1192 = DIRECTION ( 'NONE',  ( 6.308085367188391227E-16, 0.000000000000000000, 1.000000000000000000 ) ) ;
#1193 = CARTESIAN_POINT ( 'NONE',  ( 7.294999999999999041, -8.300000000000000711, 4.134999999999998899 ) ) ;
#1194 = LINE ( 'NONE', #1426, #786 ) ;
#1195 = AXIS2_PLACEMENT_3D ( 'NONE', #1265, #1399, #346 ) ;
#1196 = DIRECTION ( 'NONE',  ( -0.000000000000000000, -0.000000000000000000, 1.000000000000000000 ) ) ;
#1197 = ORIENTED_EDGE ( 'NONE', *, *, #199, .T. ) ;
#1198 = LINE ( 'NONE', #857, #19 ) ;
#1199 = ORIENTED_EDGE ( 'NONE', *, *, #1330, .F. ) ;
#1200 = CARTESIAN_POINT ( 'NONE',  ( 0.000000000000000000, -2.600000000000000089, 0.000000000000000000 ) ) ;
#1201 = CARTESIAN_POINT ( 'NONE',  ( 6.099999999999997868, 0.000000000000000000, 2.530000000000003357 ) ) ;
#1202 = ADVANCED_FACE ( 'NONE', ( #997 ), #299, .F. ) ;
#1203 = CARTESIAN_POINT ( 'NONE',  ( -7.295000000000000817, -8.300000000000000711, -3.485000000000000320 ) ) ;
#1204 = DIRECTION ( 'NONE',  ( 0.000000000000000000, 0.000000000000000000, -1.000000000000000000 ) ) ;
#1205 = VERTEX_POINT ( 'NONE', #658 ) ;
#1206 = FACE_OUTER_BOUND ( 'NONE', #117, .T. ) ;
#1207 = AXIS2_PLACEMENT_3D ( 'NONE', #143, #1314, #699 ) ;
#1208 = VECTOR ( 'NONE', #456, 1000.000000000000000 ) ;
#1209 = EDGE_LOOP ( 'NONE', ( #1390, #938, #901, #946 ) ) ;
#1210 = LINE ( 'NONE', #1451, #1487 ) ;
#1211 = LINE ( 'NONE', #1108, #656 ) ;
#1212 = DATE_AND_TIME ( #1100, #549 ) ;
#1213 = EDGE_CURVE ( 'NONE', #1099, #1267, #66, .T. ) ;
#1214 = LINE ( 'NONE', #990, #1392 ) ;
#1215 = ORIENTED_EDGE ( 'NONE', *, *, #548, .F. ) ;
#1216 = DIRECTION ( 'NONE',  ( -1.000000000000000000, -0.000000000000000000, -0.000000000000000000 ) ) ;
#1217 = ORIENTED_EDGE ( 'NONE', *, *, #943, .T. ) ;
#1218 = CARTESIAN_POINT ( 'NONE',  ( -6.099999999999999645, -2.600000000000000089, 5.279999999999999361 ) ) ;
#1219 = DIRECTION ( 'NONE',  ( -1.000000000000000000, 0.000000000000000000, -2.668805347656628059E-15 ) ) ;
#1220 = PLANE ( 'NONE',  #589 ) ;
#1221 = ADVANCED_FACE ( 'NONE', ( #150, #979 ), #1445, .T. ) ;
#1222 = ORIENTED_EDGE ( 'NONE', *, *, #402, .T. ) ;
#1223 = ADVANCED_FACE ( 'NONE', ( #900 ), #1140, .F. ) ;
#1224 = ORIENTED_EDGE ( 'NONE', *, *, #84, .F. ) ;
#1225 = DIRECTION ( 'NONE',  ( 0.000000000000000000, 0.000000000000000000, -1.000000000000000000 ) ) ;
#1226 = CARTESIAN_POINT ( 'NONE',  ( -7.295000000000000817, -8.300000000000000711, 3.485000000000000320 ) ) ;
#1227 = DIRECTION ( 'NONE',  ( -0.000000000000000000, 1.000000000000000000, -0.000000000000000000 ) ) ;
#1228 = ORIENTED_EDGE ( 'NONE', *, *, #1020, .T. ) ;
#1229 = EDGE_CURVE ( 'NONE', #613, #1052, #203, .T. ) ;
#1230 = EDGE_LOOP ( 'NONE', ( #95, #698, #1012, #577 ) ) ;
#1231 = CARTESIAN_POINT ( 'NONE',  ( 8.849999999999999645, -2.600000000000000089, -2.530000000000001581 ) ) ;
#1232 = VECTOR ( 'NONE', #894, 1000.000000000000000 ) ;
#1233 = LINE ( 'NONE', #428, #897 ) ;
#1234 = CARTESIAN_POINT ( 'NONE',  ( -7.295000000000000817, -8.300000000000000711, 4.134999999999999787 ) ) ;
#1235 = VECTOR ( 'NONE', #1334, 1000.000000000000000 ) ;
#1236 = CARTESIAN_POINT ( 'NONE',  ( -8.849999999999999645, 0.000000000000000000, -2.530000000000001581 ) ) ;
#1237 = ORIENTED_EDGE ( 'NONE', *, *, #1309, .T. ) ;
#1238 = ORIENTED_EDGE ( 'NONE', *, *, #1471, .F. ) ;
#1239 = PLANE ( 'NONE',  #787 ) ;
#1240 = EDGE_CURVE ( 'NONE', #1472, #565, #100, .T. ) ;
#1241 = LINE ( 'NONE', #318, #578 ) ;
#1242 = CARTESIAN_POINT ( 'NONE',  ( -8.800000000000002487, 1.600000000000000089, -6.150000000000000355 ) ) ;
#1243 = ORIENTED_EDGE ( 'NONE', *, *, #862, .F. ) ;
#1244 = VECTOR ( 'NONE', #780, 1000.000000000000000 ) ;
#1245 = ORIENTED_EDGE ( 'NONE', *, *, #515, .F. ) ;
#1246 = CARTESIAN_POINT ( 'NONE',  ( -6.099999999999999645, -2.600000000000000089, 5.279999999999999361 ) ) ;
#1247 = PLANE ( 'NONE',  #1360 ) ;
#1248 = EDGE_CURVE ( 'NONE', #1412, #1173, #558, .T. ) ;
#1249 = DIRECTION ( 'NONE',  ( 1.410344289412038226E-16, -0.000000000000000000, -1.000000000000000000 ) ) ;
#1250 = EDGE_LOOP ( 'NONE', ( #623, #540, #184, #152 ) ) ;
#1251 = LINE ( 'NONE', #63, #889 ) ;
#1252 = LINE ( 'NONE', #877, #1067 ) ;
#1253 = VECTOR ( 'NONE', #1430, 1000.000000000000000 ) ;
#1254 = VECTOR ( 'NONE', #1167, 1000.000000000000000 ) ;
#1255 = CARTESIAN_POINT ( 'NONE',  ( -7.295000000000000817, -8.300000000000000711, 4.134999999999999787 ) ) ;
#1256 = ADVANCED_FACE ( 'NONE', ( #1373 ), #424, .F. ) ;
#1257 = ORIENTED_EDGE ( 'NONE', *, *, #1442, .T. ) ;
#1258 = FACE_OUTER_BOUND ( 'NONE', #397, .T. ) ;
#1259 = LINE ( 'NONE', #1475, #848 ) ;
#1260 = DIRECTION ( 'NONE',  ( -2.668805347656628059E-15, 0.000000000000000000, -1.000000000000000000 ) ) ;
#1261 = ORIENTED_EDGE ( 'NONE', *, *, #1429, .T. ) ;
#1262 = EDGE_CURVE ( 'NONE', #327, #1381, #307, .T. ) ;
#1263 = CARTESIAN_POINT ( 'NONE',  ( 8.800000000000000711, 1.600000000000000089, -6.150000000000000355 ) ) ;
#1264 = VECTOR ( 'NONE', #950, 1000.000000000000000 ) ;
#1265 = CARTESIAN_POINT ( 'NONE',  ( 7.294999999999999041, -8.300000000000000711, 4.134999999999998899 ) ) ;
#1266 = CARTESIAN_POINT ( 'NONE',  ( -7.944999999999998508, -8.300000000000000711, -3.485000000000000320 ) ) ;
#1267 = VERTEX_POINT ( 'NONE', #80 ) ;
#1268 = ORIENTED_EDGE ( 'NONE', *, *, #1522, .F. ) ;
#1269 = CARTESIAN_POINT ( 'NONE',  ( 0.000000000000000000, 0.000000000000000000, 0.000000000000000000 ) ) ;
#1270 = EDGE_CURVE ( 'NONE', #722, #127, #790, .T. ) ;
#1271 = PLANE ( 'NONE',  #408 ) ;
#1272 = DIRECTION ( 'NONE',  ( -0.000000000000000000, 0.000000000000000000, 1.000000000000000000 ) ) ;
#1273 = VECTOR ( 'NONE', #1367, 1000.000000000000000 ) ;
#1274 = VERTEX_POINT ( 'NONE', #912 ) ;
#1275 = DIRECTION ( 'NONE',  ( -0.000000000000000000, 1.000000000000000000, -0.000000000000000000 ) ) ;
#1276 = ORIENTED_EDGE ( 'NONE', *, *, #58, .F. ) ;
#1277 = CARTESIAN_POINT ( 'NONE',  ( -7.945000000000000284, -8.300000000000000711, 4.134999999999999787 ) ) ;
#1278 = PRODUCT_DEFINITION ( 'UNKNOWN', '', #1394, #1112 ) ;
#1279 = VECTOR ( 'NONE', #1285, 1000.000000000000000 ) ;
#1280 = ADVANCED_FACE ( 'NONE', ( #1379 ), #94, .F. ) ;
#1281 = CARTESIAN_POINT ( 'NONE',  ( 8.799999999999998934, 0.000000000000000000, 2.530000000000002025 ) ) ;
#1282 = ORIENTED_EDGE ( 'NONE', *, *, #367, .T. ) ;
#1283 = FACE_OUTER_BOUND ( 'NONE', #1043, .T. ) ;
#1284 = VERTEX_POINT ( 'NONE', #435 ) ;
#1285 = DIRECTION ( 'NONE',  ( -1.000000000000000000, 0.000000000000000000, 0.000000000000000000 ) ) ;
#1286 = CARTESIAN_POINT ( 'NONE',  ( -8.800000000000002487, 1.600000000000000089, -6.150000000000000355 ) ) ;
#1287 = VECTOR ( 'NONE', #509, 1000.000000000000000 ) ;
#1288 = LINE ( 'NONE', #133, #1010 ) ;
#1289 = ADVANCED_FACE ( 'NONE', ( #782 ), #1147, .F. ) ;
#1290 = ORIENTED_EDGE ( 'NONE', *, *, #800, .F. ) ;
#1291 = LINE ( 'NONE', #1296, #70 ) ;
#1292 = VERTEX_POINT ( 'NONE', #797 ) ;
#1293 = DIRECTION ( 'NONE',  ( 6.308085367188391227E-16, 0.000000000000000000, -1.000000000000000000 ) ) ;
#1294 = CARTESIAN_POINT ( 'NONE',  ( -7.945000000000000284, -2.600000000000000089, 4.134999999999999787 ) ) ;
#1295 = DIRECTION ( 'NONE',  ( -0.000000000000000000, 1.000000000000000000, -0.000000000000000000 ) ) ;
#1296 = CARTESIAN_POINT ( 'NONE',  ( -8.849999999999999645, -2.600000000000000089, -2.530000000000001581 ) ) ;
#1297 = CC_DESIGN_PERSON_AND_ORGANIZATION_ASSIGNMENT ( #1369, #1124, ( #1129 ) ) ;
#1298 = AXIS2_PLACEMENT_3D ( 'NONE', #494, #962, #1427 ) ;
#1299 = ORIENTED_EDGE ( 'NONE', *, *, #504, .F. ) ;
#1300 = CARTESIAN_POINT ( 'NONE',  ( 8.800000000000000711, 0.000000000000000000, -6.150000000000000355 ) ) ;
#1301 = VECTOR ( 'NONE', #720, 1000.000000000000000 ) ;
#1302 = ORIENTED_EDGE ( 'NONE', *, *, #27, .F. ) ;
#1303 = DIRECTION ( 'NONE',  ( 1.000000000000000000, 0.000000000000000000, 0.000000000000000000 ) ) ;
#1304 = DIRECTION ( 'NONE',  ( -0.000000000000000000, 1.000000000000000000, -0.000000000000000000 ) ) ;
#1305 = CARTESIAN_POINT ( 'NONE',  ( 7.295000000000000817, -2.600000000000000089, -4.135000000000000675 ) ) ;
#1306 = CARTESIAN_POINT ( 'NONE',  ( -7.944999999999998508, -8.300000000000000711, -3.485000000000000320 ) ) ;
#1307 = VERTEX_POINT ( 'NONE', #189 ) ;
#1308 = CARTESIAN_POINT ( 'NONE',  ( -8.800000000000002487, 0.000000000000000000, -6.150000000000000355 ) ) ;
#1309 = EDGE_CURVE ( 'NONE', #160, #798, #1029, .T. ) ;
#1310 = ORIENTED_EDGE ( 'NONE', *, *, #427, .F. ) ;
#1311 = LINE ( 'NONE', #725, #619 ) ;
#1312 = DIRECTION ( 'NONE',  ( 1.000000000000000000, 0.000000000000000000, 0.000000000000000000 ) ) ;
#1313 = FACE_OUTER_BOUND ( 'NONE', #345, .T. ) ;
#1314 = DIRECTION ( 'NONE',  ( 0.000000000000000000, 0.000000000000000000, -1.000000000000000000 ) ) ;
#1315 = EDGE_LOOP ( 'NONE', ( #513, #1199, #605, #450 ) ) ;
#1316 = DIRECTION ( 'NONE',  ( 1.000000000000000000, 0.000000000000000000, 0.000000000000000000 ) ) ;
#1317 = VERTEX_POINT ( 'NONE', #449 ) ;
#1318 = CARTESIAN_POINT ( 'NONE',  ( -6.099999999999999645, -2.600000000000000089, 5.279999999999999361 ) ) ;
#1319 = EDGE_CURVE ( 'NONE', #1284, #1005, #1497, .T. ) ;
#1320 = ORIENTED_EDGE ( 'NONE', *, *, #139, .T. ) ;
#1321 = CARTESIAN_POINT ( 'NONE',  ( 7.294999999999999041, -8.300000000000000711, 3.484999999999999432 ) ) ;
#1322 = ORIENTED_EDGE ( 'NONE', *, *, #199, .F. ) ;
#1323 = CARTESIAN_POINT ( 'NONE',  ( 6.099999999999998757, -2.600000000000000089, -2.530000000000001581 ) ) ;
#1324 = AXIS2_PLACEMENT_3D ( 'NONE', #1255, #905, #1272 ) ;
#1325 = VECTOR ( 'NONE', #570, 1000.000000000000000 ) ;
#1326 = VERTEX_POINT ( 'NONE', #313 ) ;
#1327 = LINE ( 'NONE', #634, #161 ) ;
#1328 = EDGE_LOOP ( 'NONE', ( #831, #1224, #412, #295 ) ) ;
#1329 = COORDINATED_UNIVERSAL_TIME_OFFSET ( 5, 0, .BEHIND. ) ;
#1330 = EDGE_CURVE ( 'NONE', #722, #915, #333, .T. ) ;
#1331 = DIRECTION ( 'NONE',  ( 1.334402673828314029E-15, 0.000000000000000000, 1.000000000000000000 ) ) ;
#1332 = EDGE_LOOP ( 'NONE', ( #470, #431, #1222, #1483, #710, #691, #940, #653 ) ) ;
#1333 = ORIENTED_EDGE ( 'NONE', *, *, #871, .T. ) ;
#1334 = DIRECTION ( 'NONE',  ( 6.308085367188391227E-16, -0.000000000000000000, -1.000000000000000000 ) ) ;
#1335 = ORIENTED_EDGE ( 'NONE', *, *, #1363, .T. ) ;
#1336 = FACE_OUTER_BOUND ( 'NONE', #322, .T. ) ;
#1337 = EDGE_CURVE ( 'NONE', #820, #1498, #1011, .T. ) ;
#1338 = AXIS2_PLACEMENT_3D ( 'NONE', #1318, #24, #967 ) ;
#1339 = ORIENTED_EDGE ( 'NONE', *, *, #529, .F. ) ;
#1340 = ORIENTED_EDGE ( 'NONE', *, *, #139, .F. ) ;
#1341 = LINE ( 'NONE', #1231, #423 ) ;
#1342 = DIRECTION ( 'NONE',  ( 0.000000000000000000, -0.000000000000000000, -1.000000000000000000 ) ) ;
#1343 = APPROVAL_ROLE ( '' ) ;
#1344 = PLANE ( 'NONE',  #643 ) ;
#1345 = VERTEX_POINT ( 'NONE', #803 ) ;
#1346 = ADVANCED_FACE ( 'NONE', ( #690, #1160 ), #663, .T. ) ;
#1347 = ORIENTED_EDGE ( 'NONE', *, *, #1014, .T. ) ;
#1348 = CARTESIAN_POINT ( 'NONE',  ( -8.849999999999999645, 0.000000000000000000, 2.529999999999999805 ) ) ;
#1349 = AXIS2_PLACEMENT_3D ( 'NONE', #393, #919, #430 ) ;
#1350 = DIRECTION ( 'NONE',  ( 0.000000000000000000, 0.000000000000000000, 1.000000000000000000 ) ) ;
#1351 = DIRECTION ( 'NONE',  ( 0.000000000000000000, 0.000000000000000000, 1.000000000000000000 ) ) ;
#1352 = CARTESIAN_POINT ( 'NONE',  ( -8.849999999999999645, 0.000000000000000000, 5.279999999999999361 ) ) ;
#1353 = ORIENTED_EDGE ( 'NONE', *, *, #1429, .F. ) ;
#1354 = ORIENTED_EDGE ( 'NONE', *, *, #214, .F. ) ;
#1355 = CARTESIAN_POINT ( 'NONE',  ( -8.849999999999997868, 0.000000000000000000, -5.280000000000001137 ) ) ;
#1356 = EDGE_CURVE ( 'NONE', #1326, #68, #1017, .T. ) ;
#1357 = CARTESIAN_POINT ( 'NONE',  ( -7.945000000000000284, -8.300000000000000711, 4.134999999999999787 ) ) ;
#1358 = CARTESIAN_POINT ( 'NONE',  ( 7.945000000000000284, -8.300000000000000711, -3.485000000000000320 ) ) ;
#1359 = ORIENTED_EDGE ( 'NONE', *, *, #1172, .T. ) ;
#1360 = AXIS2_PLACEMENT_3D ( 'NONE', #78, #884, #535 ) ;
#1361 = CARTESIAN_POINT ( 'NONE',  ( 8.849999999999999645, -2.600000000000000089, 2.530000000000003357 ) ) ;
#1362 = CARTESIAN_POINT ( 'NONE',  ( -8.800000000000002487, 0.000000000000000000, -6.150000000000000355 ) ) ;
#1363 = EDGE_CURVE ( 'NONE', #1267, #1037, #493, .T. ) ;
#1364 = DIRECTION ( 'NONE',  ( -1.410344289412038473E-16, 0.000000000000000000, 1.000000000000000000 ) ) ;
#1365 = ORIENTED_EDGE ( 'NONE', *, *, #890, .F. ) ;
#1366 = LOCAL_TIME ( 17, 44, 48.00000000000000000, #158 ) ;
#1367 = DIRECTION ( 'NONE',  ( -2.668805347656628059E-15, -0.000000000000000000, 1.000000000000000000 ) ) ;
#1368 = DIRECTION ( 'NONE',  ( 0.000000000000000000, -1.000000000000000000, -0.000000000000000000 ) ) ;
#1369 = PERSON_AND_ORGANIZATION ( #525, #1372 ) ;
#1370 = VECTOR ( 'NONE', #26, 1000.000000000000000 ) ;
#1371 = EDGE_CURVE ( 'NONE', #666, #1317, #600, .T. ) ;
#1372 = ORGANIZATION ( 'UNSPECIFIED', 'UNSPECIFIED', '' ) ;
#1373 = FACE_OUTER_BOUND ( 'NONE', #113, .T. ) ;
#1374 = VECTOR ( 'NONE', #296, 1000.000000000000000 ) ;
#1375 = ADVANCED_FACE ( 'NONE', ( #810 ), #1509, .F. ) ;
#1376 = ORIENTED_EDGE ( 'NONE', *, *, #285, .T. ) ;
#1377 = PLANE ( 'NONE',  #777 ) ;
#1378 = CARTESIAN_POINT ( 'NONE',  ( 0.000000000000000000, 0.000000000000000000, 0.000000000000000000 ) ) ;
#1379 = FACE_OUTER_BOUND ( 'NONE', #991, .T. ) ;
#1380 = ORIENTED_EDGE ( 'NONE', *, *, #214, .T. ) ;
#1381 = VERTEX_POINT ( 'NONE', #374 ) ;
#1382 = EDGE_CURVE ( 'NONE', #252, #621, #1516, .T. ) ;
#1383 = FACE_OUTER_BOUND ( 'NONE', #1250, .T. ) ;
#1384 = VECTOR ( 'NONE', #32, 1000.000000000000000 ) ;
#1385 = CARTESIAN_POINT ( 'NONE',  ( 8.849999999999996092, -2.600000000000000089, 5.280000000000002913 ) ) ;
#1386 = CARTESIAN_POINT ( 'NONE',  ( 8.849999999999999645, 0.000000000000000000, 2.530000000000003357 ) ) ;
#1387 = ORIENTED_EDGE ( 'NONE', *, *, #1137, .F. ) ;
#1388 = EDGE_CURVE ( 'NONE', #812, #704, #1058, .T. ) ;
#1389 = CARTESIAN_POINT ( 'NONE',  ( -7.295000000000000817, -2.600000000000000089, -3.485000000000000320 ) ) ;
#1390 = ORIENTED_EDGE ( 'NONE', *, *, #899, .T. ) ;
#1391 = DIRECTION ( 'NONE',  ( 0.000000000000000000, -0.000000000000000000, -1.000000000000000000 ) ) ;
#1392 = VECTOR ( 'NONE', #1227, 1000.000000000000000 ) ;
#1393 = PLANE ( 'NONE',  #394 ) ;
#1394 = PRODUCT_DEFINITION_FORMATION_WITH_SPECIFIED_SOURCE ( 'ANY', '', #446, .NOT_KNOWN. ) ;
#1395 = EDGE_LOOP ( 'NONE', ( #864, #1339, #198, #925 ) ) ;
#1396 = ORIENTED_EDGE ( 'NONE', *, *, #1309, .F. ) ;
#1397 = PLANE ( 'NONE',  #679 ) ;
#1398 = EDGE_LOOP ( 'NONE', ( #895, #1513, #553, #40 ) ) ;
#1399 = DIRECTION ( 'NONE',  ( 1.000000000000000000, 0.000000000000000000, 0.000000000000000000 ) ) ;
#1400 = EDGE_CURVE ( 'NONE', #1345, #516, #1525, .T. ) ;
#1401 = CARTESIAN_POINT ( 'NONE',  ( -7.945000000000000284, -8.300000000000000711, 4.134999999999999787 ) ) ;
#1402 = ORIENTED_EDGE ( 'NONE', *, *, #1103, .T. ) ;
#1403 = DIRECTION ( 'NONE',  ( 0.000000000000000000, 0.000000000000000000, -1.000000000000000000 ) ) ;
#1404 = ORIENTED_EDGE ( 'NONE', *, *, #985, .F. ) ;
#1405 = PLANE ( 'NONE',  #833 ) ;
#1406 = CALENDAR_DATE ( 2026, 1, 9 ) ;
#1407 = ORIENTED_EDGE ( 'NONE', *, *, #569, .T. ) ;
#1408 = CARTESIAN_POINT ( 'NONE',  ( -7.945000000000000284, -2.600000000000000089, 4.134999999999999787 ) ) ;
#1409 = ADVANCED_FACE ( 'NONE', ( #1313 ), #1393, .F. ) ;
#1410 = DIRECTION ( 'NONE',  ( 1.000000000000000000, 0.000000000000000000, 0.000000000000000000 ) ) ;
#1411 = CARTESIAN_POINT ( 'NONE',  ( 7.945000000000000284, -2.600000000000000089, -4.135000000000000675 ) ) ;
#1412 = VERTEX_POINT ( 'NONE', #1281 ) ;
#1413 = DIRECTION ( 'NONE',  ( -0.000000000000000000, 1.000000000000000000, -0.000000000000000000 ) ) ;
#1414 = ORIENTED_EDGE ( 'NONE', *, *, #303, .T. ) ;
#1415 = PLANE ( 'NONE',  #1041 ) ;
#1416 = LINE ( 'NONE', #1073, #429 ) ;
#1417 = CARTESIAN_POINT ( 'NONE',  ( 6.099999999999998757, -2.600000000000000089, -5.280000000000001137 ) ) ;
#1418 = FACE_OUTER_BOUND ( 'NONE', #1315, .T. ) ;
#1419 = EDGE_CURVE ( 'NONE', #799, #1345, #1194, .T. ) ;
#1420 = VECTOR ( 'NONE', #1476, 1000.000000000000000 ) ;
#1421 = ORIENTED_EDGE ( 'NONE', *, *, #130, .F. ) ;
#1422 = DIRECTION ( 'NONE',  ( 0.000000000000000000, 0.000000000000000000, -1.000000000000000000 ) ) ;
#1423 = ORIENTED_EDGE ( 'NONE', *, *, #402, .F. ) ;
#1424 = FACE_OUTER_BOUND ( 'NONE', #1395, .T. ) ;
#1425 = CARTESIAN_POINT ( 'NONE',  ( -8.849999999999999645, 0.000000000000000000, 2.529999999999999805 ) ) ;
#1426 = CARTESIAN_POINT ( 'NONE',  ( 8.849999999999996092, -2.600000000000000089, 5.280000000000002913 ) ) ;
#1427 = DIRECTION ( 'NONE',  ( 1.000000000000000000, 0.000000000000000000, -0.000000000000000000 ) ) ;
#1428 = ORIENTED_EDGE ( 'NONE', *, *, #1229, .F. ) ;
#1429 = EDGE_CURVE ( 'NONE', #498, #1446, #844, .T. ) ;
#1430 = DIRECTION ( 'NONE',  ( -0.000000000000000000, -0.000000000000000000, 1.000000000000000000 ) ) ;
#1431 = ORIENTED_EDGE ( 'NONE', *, *, #1106, .F. ) ;
#1432 = CARTESIAN_POINT ( 'NONE',  ( -8.800000000000002487, 1.600000000000000089, -6.150000000000000355 ) ) ;
#1433 = LINE ( 'NONE', #165, #104 ) ;
#1434 = APPROVAL_DATE_TIME ( #969, #75 ) ;
#1435 = VECTOR ( 'NONE', #72, 1000.000000000000000 ) ;
#1436 = DIRECTION ( 'NONE',  ( 1.000000000000000000, 0.000000000000000000, -1.334402673828314029E-15 ) ) ;
#1437 = VERTEX_POINT ( 'NONE', #1203 ) ;
#1438 = LINE ( 'NONE', #603, #1253 ) ;
#1439 = EDGE_CURVE ( 'NONE', #498, #583, #250, .T. ) ;
#1440 = ORIENTED_EDGE ( 'NONE', *, *, #1270, .F. ) ;
#1441 = LINE ( 'NONE', #263, #536 ) ;
#1442 = EDGE_CURVE ( 'NONE', #564, #1381, #1176, .T. ) ;
#1443 = CARTESIAN_POINT ( 'NONE',  ( -7.295000000000000817, -2.600000000000000089, 3.485000000000000320 ) ) ;
#1444 = PERSON_AND_ORGANIZATION ( #525, #1372 ) ;
#1445 = PLANE ( 'NONE',  #1349 ) ;
#1446 = VERTEX_POINT ( 'NONE', #827 ) ;
#1447 = DIRECTION ( 'NONE',  ( -1.000000000000000000, 0.000000000000000000, -0.000000000000000000 ) ) ;
#1448 = VECTOR ( 'NONE', #290, 1000.000000000000000 ) ;
#1449 =( GEOMETRIC_REPRESENTATION_CONTEXT ( 3 ) GLOBAL_UNCERTAINTY_ASSIGNED_CONTEXT ( ( #512 ) ) GLOBAL_UNIT_ASSIGNED_CONTEXT ( ( #57, #409, #617 ) ) REPRESENTATION_CONTEXT ( 'NONE', 'WORKASPACE' ) );
#1450 = ORIENTED_EDGE ( 'NONE', *, *, #1461, .F. ) ;
#1451 = CARTESIAN_POINT ( 'NONE',  ( 8.800000000000000711, 0.000000000000000000, -6.150000000000000355 ) ) ;
#1452 = ORIENTED_EDGE ( 'NONE', *, *, #67, .F. ) ;
#1453 = EDGE_CURVE ( 'NONE', #565, #1005, #1186, .T. ) ;
#1454 = PRODUCT_DEFINITION_SHAPE ( 'NONE', 'NONE',  #1278 ) ;
#1455 = CARTESIAN_POINT ( 'NONE',  ( 7.944999999999998508, -8.300000000000000711, 3.484999999999998543 ) ) ;
#1456 = ORIENTED_EDGE ( 'NONE', *, *, #673, .T. ) ;
#1457 = ORIENTED_EDGE ( 'NONE', *, *, #1453, .T. ) ;
#1458 = DIRECTION ( 'NONE',  ( -0.000000000000000000, -0.000000000000000000, 1.000000000000000000 ) ) ;
#1459 = FACE_OUTER_BOUND ( 'NONE', #659, .T. ) ;
#1460 = PERSON_AND_ORGANIZATION_ROLE ( 'design_supplier' ) ;
#1461 = EDGE_CURVE ( 'NONE', #915, #252, #365, .T. ) ;
#1462 = DIRECTION ( 'NONE',  ( -0.000000000000000000, 0.000000000000000000, 1.000000000000000000 ) ) ;
#1463 = VECTOR ( 'NONE', #869, 1000.000000000000000 ) ;
#1464 = ORIENTED_EDGE ( 'NONE', *, *, #800, .T. ) ;
#1465 = ORIENTED_EDGE ( 'NONE', *, *, #638, .T. ) ;
#1466 = CARTESIAN_POINT ( 'NONE',  ( 6.099999999999997868, 0.000000000000000000, 5.280000000000002913 ) ) ;
#1467 = CARTESIAN_POINT ( 'NONE',  ( -8.849999999999997868, 0.000000000000000000, -5.280000000000001137 ) ) ;
#1468 = DIRECTION ( 'NONE',  ( -0.000000000000000000, 1.000000000000000000, -0.000000000000000000 ) ) ;
#1469 = CARTESIAN_POINT ( 'NONE',  ( 7.295000000000000817, -8.300000000000000711, -4.135000000000000675 ) ) ;
#1470 = ORIENTED_EDGE ( 'NONE', *, *, #942, .F. ) ;
#1471 = EDGE_CURVE ( 'NONE', #914, #812, #1066, .T. ) ;
#1472 = VERTEX_POINT ( 'NONE', #1417 ) ;
#1473 = DIRECTION ( 'NONE',  ( 0.000000000000000000, 0.000000000000000000, -1.000000000000000000 ) ) ;
#1474 = AXIS2_PLACEMENT_3D ( 'NONE', #970, #1060, #1403 ) ;
#1475 = CARTESIAN_POINT ( 'NONE',  ( 6.099999999999997868, -2.600000000000000089, 5.280000000000002913 ) ) ;
#1476 = DIRECTION ( 'NONE',  ( 1.410344289412038226E-16, -0.000000000000000000, -1.000000000000000000 ) ) ;
#1477 = ORIENTED_EDGE ( 'NONE', *, *, #1004, .F. ) ;
#1478 = EDGE_CURVE ( 'NONE', #1498, #565, #349, .T. ) ;
#1479 = CARTESIAN_POINT ( 'NONE',  ( -7.295000000000000817, -2.600000000000000089, -3.485000000000000320 ) ) ;
#1480 = DIRECTION ( 'NONE',  ( 1.000000000000000000, 0.000000000000000000, 0.000000000000000000 ) ) ;
#1481 = MANIFOLD_SOLID_BREP ( 'Boss-Extrude3', #7 ) ;
#1482 = DIRECTION ( 'NONE',  ( 0.000000000000000000, -1.000000000000000000, 0.000000000000000000 ) ) ;
#1483 = ORIENTED_EDGE ( 'NONE', *, *, #890, .T. ) ;
#1484 = CARTESIAN_POINT ( 'NONE',  ( -6.099999999999998757, -2.600000000000000089, -2.530000000000001581 ) ) ;
#1485 = EDGE_CURVE ( 'NONE', #524, #564, #582, .T. ) ;
#1486 = CARTESIAN_POINT ( 'NONE',  ( 8.849999999999996092, 0.000000000000000000, 5.280000000000002913 ) ) ;
#1487 = VECTOR ( 'NONE', #372, 1000.000000000000000 ) ;
#1488 = APPROVAL_ROLE ( '' ) ;
#1489 = EDGE_CURVE ( 'NONE', #564, #20, #1288, .T. ) ;
#1490 = DIRECTION ( 'NONE',  ( 0.000000000000000000, 0.000000000000000000, -1.000000000000000000 ) ) ;
#1491 = ORIENTED_EDGE ( 'NONE', *, *, #943, .F. ) ;
#1492 = DIRECTION ( 'NONE',  ( 0.000000000000000000, 0.000000000000000000, -1.000000000000000000 ) ) ;
#1493 = PLANE ( 'NONE',  #796 ) ;
#1494 = AXIS2_PLACEMENT_3D ( 'NONE', #1505, #437, #701 ) ;
#1495 = ADVANCED_FACE ( 'NONE', ( #1074 ), #16, .F. ) ;
#1496 = CC_DESIGN_APPROVAL ( #75, ( #1278 ) ) ;
#1497 = LINE ( 'NONE', #442, #760 ) ;
#1498 = VERTEX_POINT ( 'NONE', #175 ) ;
#1499 = EDGE_LOOP ( 'NONE', ( #1268, #105, #785, #487 ) ) ;
#1500 = CARTESIAN_POINT ( 'NONE',  ( -7.944999999999998508, -8.300000000000000711, -3.485000000000000320 ) ) ;
#1501 = LINE ( 'NONE', #114, #228 ) ;
#1502 = DIRECTION ( 'NONE',  ( -0.000000000000000000, 1.000000000000000000, -0.000000000000000000 ) ) ;
#1503 = VERTEX_POINT ( 'NONE', #759 ) ;
#1504 = ORIENTED_EDGE ( 'NONE', *, *, #781, .T. ) ;
#1505 = CARTESIAN_POINT ( 'NONE',  ( 0.000000000000000000, -2.600000000000000089, 0.000000000000000000 ) ) ;
#1506 = VECTOR ( 'NONE', #1304, 1000.000000000000000 ) ;
#1507 = VERTEX_POINT ( 'NONE', #650 ) ;
#1508 = DIRECTION ( 'NONE',  ( -0.000000000000000000, 0.000000000000000000, -1.000000000000000000 ) ) ;
#1509 = PLANE ( 'NONE',  #667 ) ;
#1510 = EDGE_LOOP ( 'NONE', ( #286, #547, #385, #715, #1261 ) ) ;
#1511 = EDGE_CURVE ( 'NONE', #1205, #1104, #768, .T. ) ;
#1512 = DIRECTION ( 'NONE',  ( 0.000000000000000000, -0.000000000000000000, 1.000000000000000000 ) ) ;
#1513 = ORIENTED_EDGE ( 'NONE', *, *, #1489, .T. ) ;
#1514 = LINE ( 'NONE', #694, #724 ) ;
#1515 = AXIS2_PLACEMENT_3D ( 'NONE', #622, #982, #1447 ) ;
#1516 = LINE ( 'NONE', #592, #1134 ) ;
#1517 = VECTOR ( 'NONE', #728, 1000.000000000000000 ) ;
#1518 = ORIENTED_EDGE ( 'NONE', *, *, #515, .T. ) ;
#1519 = CARTESIAN_POINT ( 'NONE',  ( -8.849999999999999645, 0.000000000000000000, 5.279999999999999361 ) ) ;
#1520 = VERTEX_POINT ( 'NONE', #537 ) ;
#1521 = CARTESIAN_POINT ( 'NONE',  ( -8.849999999999999645, -2.600000000000000089, -2.530000000000001581 ) ) ;
#1522 = EDGE_CURVE ( 'NONE', #971, #812, #510, .T. ) ;
#1523 = FACE_OUTER_BOUND ( 'NONE', #272, .T. ) ;
#1524 = AXIS2_PLACEMENT_3D ( 'NONE', #331, #201, #692 ) ;
#1525 = LINE ( 'NONE', #927, #242 ) ;
ENDSEC;
END-ISO-10303-21;
